商家ID,total_actual_amount,total_postage,total_sales
100001,31354,103,244
100002,29667,84,236
100003,29886,34,232
100004,25292,28,208
100005,25891,43,198
100006,24609,24,200
100007,23510,34,196
100008,25642,73,199
100009,26605,63,182
100010,21925,56,171
100011,21307,28,164
100012,19831,55,153
100013,20548,14,152
100014,19796,8,152
100015,18857,74,145
100016,18144,36,132
100017,17727,28,136
100018,18641,16,137
100019,15227,30,125
100020,15928,28,126
100021,14451,18,115
100022,15377,16,120
100023,15752,18,114
100024,12791,34,102
100025,13101,18,95
100026,11694,21,94
100027,10427,0,85
100028,11490,8,89
100029,12136,42,85
100030,9215,8,71
100031,9946,20,80
100032,8826,16,68
100033,9808,19,73
100034,8669,30,67
100035,8431,18,65
100036,8736,0,69
100037,7982,14,67
100038,7266,36,57
100039,6412,0,50
100040,6451,22,58
100041,7281,16,60
100042,6242,8,48
100043,6323,24,55
100044,8398,10,58
100045,5647,6,48
100046,5780,0,50
100047,6789,10,52
100048,6177,20,50
100049,5550,0,43
100050,7384,14,50
100051,6569,6,53
100052,7476,8,53
100053,5266,0,41
100054,5930,8,42
100055,5753,18,45
100056,4889,20,36
100057,5604,0,42
100058,5296,8,45
100059,5288,0,42
100060,5901,0,44
100061,6043,26,42
100062,5298,6,40
100063,4743,6,40
100064,4810,10,42
100065,5160,16,40
100066,6348,16,44
100067,5349,16,37
100068,5454,18,40
100069,3526,6,33
100070,4285,18,40
100071,5156,8,42
100072,5382,0,38
100073,4394,0,34
100074,4573,10,35
100075,4242,10,38
100076,3985,6,37
100077,5235,0,39
100078,4174,0,32
100079,4123,0,34
100080,5063,6,37
100081,4882,0,40
100082,4547,14,34
100083,6180,6,37
100084,4594,0,36
100085,4909,0,37
100086,4240,18,35
100087,3303,0,28
100088,4325,8,35
100089,4609,0,32
100090,3491,0,30
100091,4035,0,31
100092,3832,14,30
100093,4508,0,33
100094,2884,0,28
100095,3915,34,29
100096,4227,14,36
100097,3206,8,30
100098,4977,22,38
100099,4701,0,38
100100,3858,12,32
100101,3599,6,34
100102,4010,8,33
100103,3930,12,36
100104,4693,8,33
100105,3988,16,29
100106,3557,6,30
100107,3799,0,31
100108,3954,22,29
100109,4182,24,29
100110,4376,0,33
100111,4110,0,31
100112,3746,6,31
100113,3382,0,26
100114,3450,0,30
100115,4146,10,31
100116,4343,10,29
100117,3177,0,26
100118,3748,0,28
100119,3136,18,27
100120,4317,0,27
100121,3915,0,33
100122,4092,0,29
100123,4091,0,28
100124,3675,12,25
100125,2471,0,26
100126,4174,10,29
100127,3592,16,28
100128,3320,0,26
100129,3012,6,26
100130,3756,6,27
100131,3235,8,28
100132,2986,6,26
100133,3386,0,24
100134,3309,12,22
100135,3819,8,31
100136,3386,6,24
100137,3535,6,29
100138,3748,6,30
100139,2738,0,25
100140,2884,0,25
100141,3170,0,26
100142,4017,10,27
100143,3959,26,31
100144,3429,0,29
100145,3258,0,28
100146,3095,0,24
100147,3675,0,28
100148,3660,0,29
100149,3955,0,27
100150,3354,10,25
100151,2346,16,21
100152,2741,0,29
100153,2884,0,23
100154,2527,0,24
100155,3398,16,24
100156,2270,6,22
100157,2527,0,19
100158,2821,26,22
100159,3160,10,22
100160,3383,0,25
100161,2627,0,19
100162,2601,12,22
100163,3276,0,23
100164,2197,0,17
100165,3788,8,27
100166,2896,6,25
100167,2788,14,22
100168,3139,6,24
100169,2097,0,18
100170,3127,8,20
100171,3466,6,22
100172,2874,6,22
100173,2308,0,20
100174,3124,0,21
100175,4123,0,25
100176,2468,6,20
100177,3074,0,22
100178,2693,24,19
100179,2583,0,23
100180,2895,0,24
100181,2186,0,16
100182,2558,0,23
100183,2443,10,20
100184,2834,0,22
100185,1908,0,20
100186,1906,0,16
100187,3409,10,26
100188,3123,0,22
100189,2527,0,20
100190,2197,8,19
100191,2715,8,22
100192,2602,20,18
100193,1875,0,18
100194,2611,8,19
100195,2323,0,19
100196,1747,18,15
100197,1821,0,17
100198,2740,16,18
100199,2146,0,19
100200,2312,10,16
100201,1988,0,14
100202,3144,8,18
100203,2139,8,17
100204,2935,0,21
100205,2437,0,21
100206,2620,10,21
100207,2294,10,18
100208,2056,10,17
100209,3184,16,21
100210,2271,12,20
100211,3109,0,22
100212,1549,0,16
100213,2520,12,21
100214,1987,20,19
100215,1935,6,22
100216,2574,10,20
100217,1904,0,20
100218,1801,0,16
100219,2321,18,17
100220,2634,6,21
100221,2190,8,16
100222,2544,16,19
100223,1756,0,15
100224,2883,0,23
100225,2320,0,19
100226,2502,0,22
100227,1754,0,15
100228,3112,6,22
100229,2080,0,16
100230,2278,0,20
100231,1797,8,17
100232,2362,10,17
100233,3060,10,24
100234,1912,16,16
100235,2528,0,17
100236,2263,0,17
100237,2297,8,18
100238,2604,0,17
100239,2311,8,20
100240,1867,0,20
100241,2716,26,17
100242,2491,8,20
100243,2873,0,22
100244,1921,0,17
100245,2627,8,20
100246,1653,6,17
100247,2055,0,18
100248,2172,10,15
100249,2058,6,16
100250,3068,6,19
100251,2335,6,19
100252,2287,14,16
100253,2647,10,19
100254,2323,0,17
100255,1786,0,10
100256,1818,0,14
100257,2093,0,18
100258,2033,10,18
100259,2219,0,18
100260,2039,0,17
100261,1994,0,16
100262,1850,0,17
100263,2107,0,17
100264,1423,8,13
100265,1489,0,12
100266,2111,0,15
100267,1620,0,12
100268,1748,10,12
100269,1527,0,13
100270,1504,8,10
100271,1920,0,13
100272,1658,0,15
100273,1516,0,13
100274,1728,0,15
100275,1542,8,10
100276,1817,18,14
100277,1900,6,13
100278,2293,0,15
100279,1917,0,13
100280,1290,8,15
100281,1460,0,12
100282,1365,0,11
100283,1308,0,13
100284,2066,0,15
100285,1963,8,16
100286,2009,10,14
100287,1746,0,13
100288,1319,0,13
100289,1624,0,14
100290,893,8,11
100291,1263,0,11
100292,1775,0,14
100293,1162,0,11
100294,1243,0,11
100295,2408,0,16
100296,2209,0,15
100297,1011,0,11
100298,1618,0,13
100299,1461,8,12
100300,1488,8,10
100301,1289,0,11
100302,1493,10,15
100303,1163,0,8
100304,1324,8,10
100305,1180,6,10
100306,1512,0,10
100307,1565,6,12
100308,1043,6,8
100309,1215,0,9
100310,1425,6,8
100311,2052,18,14
100312,1121,0,9
100313,683,0,9
100314,1593,0,11
100315,799,0,10
100316,1443,0,10
100317,765,0,8
100318,1235,0,10
100319,560,0,5
100320,560,0,6
100321,1441,0,12
100322,1220,0,10
100323,1459,0,10
100324,1211,10,7
100325,995,0,8
100326,1430,0,10
100327,554,0,5
100328,755,0,7
100329,921,0,8
100330,561,0,7
100331,858,0,7
100332,876,0,8
100333,1348,24,10
100334,1414,0,12
100335,849,0,8
100336,1054,0,9
100337,1188,0,9
100338,1368,0,10
100339,1003,0,10
100340,1282,0,10
100341,1099,0,10
100342,1203,0,9
100343,542,0,7
100344,1014,8,8
100345,1300,0,8
100346,991,0,8
100347,866,8,8
100348,806,0,8
100349,574,10,5
100350,1043,0,8
100351,721,0,5
100352,930,0,7
100353,779,0,7
100354,1389,0,9
100355,1268,10,10
100356,791,0,5
100357,947,0,6
100358,969,0,7
100359,777,0,8
100360,1139,14,9
100361,701,0,6
100362,1215,0,10
100363,1027,0,9
100364,973,0,6
100365,758,0,6
100366,965,10,8
100367,757,0,8
100368,533,0,4
100369,770,0,7
100370,1502,0,11
100371,955,0,7
100372,733,0,5
100373,1290,0,10
100374,1221,10,9
100375,1041,10,7
100376,777,10,6
100377,810,10,7
100378,980,10,8
100379,641,0,7
100380,693,0,5
100381,1174,12,10
100382,931,0,7
100383,975,0,9
100384,1327,10,9
100385,1233,0,8
100386,968,0,7
100387,1370,0,10
100388,1054,16,8
100389,1795,0,11
100390,1195,6,8
100391,1559,0,10
100392,1414,6,9
100393,843,10,7
100394,769,0,5
100395,926,6,9
100396,1012,0,6
100397,1026,0,6
100398,1231,0,10
100399,1046,0,7
100400,1603,0,10
100401,1225,0,8
100402,606,0,6
100403,522,0,5
100404,993,8,7
100405,1038,0,9
100406,557,0,5
100407,1130,6,8
100408,647,0,8
100409,1444,8,9
100410,1232,12,9
100411,830,0,6
100412,973,0,8
100413,1286,0,8
100414,1027,0,9
100415,958,6,5
100416,1032,0,9
100417,1030,0,6
100418,1283,0,7
100419,846,0,8
100420,877,6,7
100421,897,8,8
100422,1251,0,9
100423,1218,0,8
100424,1033,10,8
100425,996,0,9
100426,492,0,4
100427,1373,0,10
100428,762,0,7
100429,1085,0,9
100430,1773,0,10
100431,1306,0,10
100432,708,0,7
100433,1131,0,7
100434,958,0,9
100435,758,0,6
100436,1186,0,10
100437,1284,0,8
100438,388,0,4
100439,757,0,6
100440,482,0,7
100441,592,0,4
100442,885,6,7
100443,771,0,7
100444,900,8,8
100445,498,0,5
100446,1403,0,10
100447,704,0,7
100448,1012,0,6
100449,658,0,6
100450,1305,0,10
100451,842,0,8
100452,1010,0,7
100453,974,0,7
100454,608,0,4
100455,1305,6,8
100456,943,0,8
100457,1125,0,7
100458,490,6,7
100459,1151,10,8
100460,1531,6,10
100461,1039,0,8
100462,946,0,7
100463,983,0,8
100464,1159,0,8
100465,846,10,6
100466,996,0,9
100467,1235,8,6
100468,1388,0,10
100469,1323,6,9
100470,341,0,6
100471,1018,0,8
100472,1022,0,9
100473,409,0,5
100474,466,6,6
100475,773,0,6
100476,1161,0,9
100477,678,10,8
100478,1089,0,10
100479,600,0,8
100480,470,0,5
100481,936,0,6
100482,857,0,8
100483,747,0,7
100484,629,6,6
100485,1193,0,10
100486,550,0,5
100487,1043,0,7
100488,715,0,9
100489,612,0,8
100490,874,0,7
100491,640,0,6
100492,1085,0,10
100493,902,10,8
100494,1024,10,8
100495,993,0,9
100496,865,0,9
100497,1233,0,8
100498,952,0,8
100499,463,0,3
100500,800,0,7
100501,1103,0,7
100502,930,0,6
100503,900,0,7
100504,850,0,8
100505,745,8,6
100506,858,0,8
100507,1372,8,8
100508,1255,8,9
100509,948,0,9
100510,724,0,7
100511,843,0,7
100512,922,6,8
100513,1082,0,8
100514,1008,0,8
100515,1794,18,10
100516,1485,0,8
100517,889,0,7
100518,772,0,6
100519,953,0,8
100520,857,0,7
100521,671,0,4
100522,1012,6,7
100523,696,0,6
100524,814,0,8
100525,774,0,8
100526,1206,6,9
100527,1326,6,8
100528,1198,6,8
100529,1084,0,8
100530,569,0,7
100531,736,0,7
100532,991,6,8
100533,636,0,6
100534,486,0,6
100535,588,0,5
100536,622,0,5
100537,825,0,7
100538,520,0,5
100539,562,12,5
100540,806,0,8
100541,774,0,6
100542,701,0,4
100543,1238,0,8
100544,1228,12,7
100545,1273,0,9
100546,863,0,7
100547,1062,0,8
100548,996,0,9
100549,655,8,5
100550,959,0,8
100551,1110,8,8
100552,408,0,3
100553,729,8,5
100554,859,0,5
100555,612,0,5
100556,997,0,8
100557,543,0,7
100558,1284,0,8
100559,746,0,5
100560,722,0,7
100561,1143,0,9
100562,831,0,6
100563,672,0,5
100564,1044,0,6
100565,677,0,5
100566,992,10,8
100567,1159,0,6
100568,517,8,4
100569,703,0,5
100570,739,0,6
100571,637,0,6
100572,404,0,6
100573,554,0,5
100574,468,0,5
100575,948,0,7
100576,755,10,7
100577,529,0,7
100578,1203,8,8
100579,1115,0,8
100580,1263,0,7
100581,1032,0,7
100582,877,0,6
100583,821,0,5
100584,784,0,6
100585,695,0,5
100586,704,0,5
100587,675,0,5
100588,1184,8,7
100589,822,0,7
100590,876,0,8
100591,714,0,6
100592,962,0,8
100593,991,10,7
100594,625,0,6
100595,597,0,5
100596,410,0,5
100597,881,0,8
100598,956,0,8
100599,366,0,4
100600,1030,0,8
100601,730,0,6
100602,1156,8,7
100603,604,0,6
100604,741,14,7
100605,502,0,7
100606,665,8,6
100607,507,0,6
100608,391,0,3
100609,985,0,5
100610,849,0,7
100611,535,0,5
100612,897,0,7
100613,934,6,6
100614,446,0,3
100615,360,0,4
100616,431,0,6
100617,1088,6,6
100618,523,0,5
100619,529,0,5
100620,695,8,6
100621,622,0,5
100622,981,0,8
100623,755,0,5
100624,597,0,5
100625,337,0,3
100626,697,10,4
100627,446,10,5
100628,788,10,7
100629,727,0,7
100630,755,0,5
100631,798,0,6
100632,535,0,5
100633,687,6,6
100634,703,0,7
100635,579,0,7
100636,471,6,4
100637,906,0,7
100638,1038,0,6
100639,954,0,8
100640,1165,0,7
100641,870,0,7
100642,736,0,8
100643,854,0,6
100644,538,0,7
100645,411,0,3
100646,368,0,3
100647,779,0,8
100648,1195,6,7
100649,934,0,6
100650,1009,8,5
100651,535,0,3
100652,871,8,7
100653,697,0,5
100654,963,14,7
100655,659,0,6
100656,517,0,5
100657,456,0,4
100658,672,0,5
100659,863,0,6
100660,558,0,4
100661,664,0,5
100662,567,6,4
100663,491,0,4
100664,541,0,4
100665,526,0,5
100666,744,0,5
100667,398,0,5
100668,927,6,7
100669,723,0,6
100670,710,0,5
100671,619,0,7
100672,211,0,4
100673,549,0,4
100674,451,0,3
100675,581,0,6
100676,448,0,4
100677,345,0,3
100678,769,0,5
100679,663,0,6
100680,694,6,4
100681,535,0,5
100682,627,0,6
100683,604,0,5
100684,755,0,4
100685,260,0,5
100686,807,0,6
100687,717,0,5
100688,804,8,6
100689,400,0,4
100690,760,0,6
100691,343,0,2
100692,398,0,5
100693,810,0,5
100694,440,0,4
100695,657,0,5
100696,989,8,6
100697,88,0,1
100698,417,0,4
100699,559,0,5
100700,445,0,3
100701,484,0,3
100702,729,0,5
100703,507,0,4
100704,537,0,4
100705,584,0,5
100706,613,0,4
100707,333,0,4
100708,380,0,5
100709,539,0,4
100710,1054,0,5
100711,585,0,5
100712,628,0,5
100713,345,0,3
100714,388,0,4
100715,96,0,2
100716,572,8,4
100717,568,0,5
100718,155,0,3
100719,356,0,4
100720,496,0,3
100721,641,0,5
100722,556,0,6
100723,631,0,5
100724,716,0,5
100725,318,0,4
100726,153,0,3
100727,448,0,4
100728,226,0,3
100729,374,0,3
100730,744,0,4
100731,298,0,4
100732,493,8,3
100733,189,0,1
100734,78,0,2
100735,678,0,5
100736,168,0,4
100737,533,0,4
100738,336,0,3
100739,549,0,3
100740,341,0,4
100741,631,0,5
100742,416,0,4
100743,543,8,4
100744,480,0,4
100745,685,0,4
100746,453,0,4
100747,429,0,4
100748,377,0,3
100749,537,0,4
100750,654,0,3
100751,614,0,3
100752,345,0,2
100753,603,6,4
100754,895,0,5
100755,403,0,4
100756,471,0,4
100757,257,0,3
100758,346,0,3
100759,301,0,4
100760,545,0,4
100761,294,0,3
100762,438,8,4
100763,520,8,4
100764,445,0,5
100765,649,0,5
100766,629,0,5
100767,200,0,4
100768,633,8,3
100769,605,0,4
100770,79,0,1
100771,495,0,4
100772,818,8,5
100773,509,6,3
100774,569,0,4
100775,842,8,5
100776,609,8,4
100777,459,8,4
100778,224,0,4
100779,712,0,5
100780,371,0,4
100781,576,0,5
100782,310,0,4
100783,777,0,4
100784,472,0,4
100785,410,0,4
100786,501,8,4
100787,212,0,2
100788,388,0,2
100789,748,8,5
100790,394,8,3
100791,728,8,4
100792,411,0,4
100793,355,6,2
100794,984,8,5
100795,461,0,4
100796,272,0,4
100797,330,0,3
100798,370,0,3
100799,694,14,5
100800,694,16,4
100801,589,0,3
100802,295,6,4
100803,430,0,3
100804,319,0,4
100805,422,0,3
100806,251,0,2
100807,302,0,2
100808,753,0,4
100809,578,8,4
100810,243,0,2
100811,363,0,4
100812,267,0,1
100813,126,0,2
100814,283,0,3
100815,191,0,3
100816,194,0,3
100817,238,0,3
100818,367,0,3
100819,284,0,3
100820,464,0,3
100821,343,0,4
100822,179,0,2
100823,207,0,2
100824,394,0,3
100825,301,0,3
100826,427,0,3
100827,254,0,3
100828,695,0,4
100830,218,0,2
100831,91,0,2
100832,207,0,3
100833,625,0,4
100834,516,0,2
100835,244,0,3
100836,570,0,4
100837,314,0,4
100838,195,0,2
100839,482,0,4
100840,522,8,3
100841,123,0,2
100842,278,0,3
100843,232,0,3
100844,143,0,2
100845,285,0,2
100846,655,0,4
100847,703,0,4
100848,461,0,3
100849,216,8,2
100850,265,0,3
100851,528,0,3
100852,490,0,4
100853,334,0,3
100854,692,0,4
100855,109,0,1
100856,357,0,4
100857,192,0,2
100858,373,0,4
100859,237,0,2
100860,431,8,3
100861,205,0,3
100862,234,0,3
100863,281,0,3
100864,263,0,3
100865,342,0,3
100866,210,0,2
100867,297,0,3
100868,301,0,4
100869,121,0,2
100870,723,0,4
100871,243,0,2
100872,443,0,4
100873,372,0,3
100874,678,0,4
100875,583,0,4
100876,295,0,3
100877,540,0,3
100878,275,0,3
100879,250,0,2
100880,446,0,2
100881,275,0,2
100882,87,0,1
100883,425,8,3
100884,645,0,4
100885,380,0,3
100886,491,0,3
100887,383,0,3
100888,485,0,3
100889,392,8,4
100890,510,0,3
100891,230,0,2
100892,356,0,3
100893,370,0,2
100894,139,0,1
100895,674,0,4
100896,303,0,3
100897,30,0,1
100898,274,0,4
100899,176,0,1
100900,472,0,4
100901,140,0,2
100902,393,0,4
100903,308,0,4
100904,484,8,2
100905,147,0,3
100906,390,8,4
100907,258,0,3
100908,240,0,3
100909,700,0,4
100910,213,0,1
100911,179,0,3
100912,445,8,3
100913,263,0,2
100914,459,6,4
100915,335,0,4
100916,802,0,4
100917,356,0,3
100918,239,8,3
100919,264,0,3
100920,264,0,3
100921,255,0,3
100922,401,0,4
100923,198,0,3
100924,182,0,3
100925,283,0,2
100926,334,0,4
100927,255,0,3
100928,295,0,3
100929,125,0,2
100930,260,0,2
100931,373,0,3
100932,235,0,4
100933,450,0,3
100934,243,0,3
100935,341,0,3
100936,574,0,4
100937,347,0,4
100938,372,0,3
100939,181,0,1
100940,340,0,2
100941,601,0,3
100942,526,0,4
100943,251,0,2
100944,342,0,3
100945,288,0,1
100946,194,0,2
100947,99,0,1
100948,470,0,4
100949,388,0,3
100950,154,0,2
100951,318,0,2
100952,430,0,3
100953,662,0,3
100954,498,0,4
100955,303,0,4
100956,249,0,3
100957,137,0,2
100958,266,0,2
100959,488,0,3
100960,367,0,3
100961,358,0,2
100962,118,0,2
100963,288,0,3
100964,112,0,1
100965,635,8,3
100966,308,0,3
100967,262,0,3
100968,649,0,4
100969,280,0,2
100970,236,0,2
100971,462,0,3
100972,520,8,3
100973,321,0,3
100974,382,0,3
100975,102,0,1
100976,187,0,3
100977,391,0,4
100978,550,0,4
100979,340,0,2
100980,294,0,3
100981,276,0,2
100982,385,0,2
100983,352,0,3
100984,81,0,2
100985,403,0,3
100986,373,0,3
100987,340,0,3
100988,233,0,4
100989,185,0,3
100990,219,0,3
100991,166,0,2
100992,497,0,4
100993,221,0,3
100994,243,0,2
100995,456,0,3
100996,274,0,3
100997,216,0,2
100998,440,0,4
100999,337,0,3
101000,544,0,4
101001,107,0,3
101002,367,0,2
101003,540,8,4
101004,260,8,3
101005,136,0,3
101006,358,0,2
101007,277,0,3
101008,212,0,3
101009,290,0,3
101010,430,0,4
101011,248,0,3
101012,308,0,2
101013,209,0,2
101014,349,8,3
101015,236,0,2
101016,425,0,3
101017,302,0,3
101018,485,0,4
101019,263,0,3
101020,116,0,2
101021,144,0,2
101022,593,0,4
101023,175,0,3
101024,580,0,3
101025,524,6,4
101026,271,0,3
101027,127,0,3
101028,137,0,2
101029,607,8,4
101030,277,0,3
101031,386,0,4
101032,501,8,4
101033,490,0,4
101034,222,0,3
101035,388,0,3
101036,232,0,4
101037,288,0,3
101038,257,0,3
101039,157,0,2
101040,147,0,2
101041,639,0,4
101042,576,0,3
101043,379,0,4
101044,433,0,4
101045,141,0,2
101046,346,0,2
101047,292,0,3
101048,613,0,3
101049,433,0,3
101050,603,0,3
101051,203,0,2
101052,297,0,2
101053,418,0,3
101054,41,0,1
101055,234,0,2
101056,30,0,1
101057,87,0,1
101058,446,0,3
101059,495,0,3
101060,444,0,4
101061,355,0,3
101062,478,0,3
101063,400,0,3
101064,385,8,3
101065,234,0,2
101066,213,0,2
101067,240,0,2
101068,484,0,2
101069,394,8,3
101070,145,0,1
101071,236,0,2
101072,361,0,3
101073,328,0,3
101074,198,0,3
101075,454,0,3
101076,534,0,3
101077,461,0,2
101078,122,0,1
101079,152,0,1
101080,484,0,3
101081,327,0,3
101082,165,0,1
101083,145,0,1
101084,262,0,3
101085,283,0,2
101086,299,0,2
101087,392,0,2
101088,389,0,3
101089,117,0,2
101090,60,0,1
101091,372,0,4
101092,120,0,1
101093,245,0,2
101094,263,0,2
101095,187,0,2
101096,378,0,2
101097,186,0,2
101098,62,0,2
101099,548,0,3
101100,283,0,3
101101,45,0,1
101102,299,0,2
101103,47,0,1
101104,63,0,1
101105,118,0,2
101106,238,0,2
101107,261,8,2
101108,469,8,3
101109,221,0,1
101110,49,0,1
101111,564,0,3
101112,170,0,3
101113,31,0,1
101114,383,0,3
101115,152,0,2
101116,361,0,3
101117,57,0,1
101118,87,0,1
101119,408,0,3
101120,258,0,2
101121,229,0,2
101122,499,0,3
101123,74,0,1
101124,63,0,1
101125,121,0,1
101126,142,0,1
101127,251,0,3
101128,220,0,2
101129,254,0,2
101130,172,0,2
101131,131,0,2
101132,297,0,2
101133,46,0,1
101134,141,0,1
101135,99,0,2
101136,272,0,3
101137,394,0,3
101138,443,0,3
101140,166,0,2
101141,501,0,3
101142,484,0,3
101143,220,0,2
101144,280,0,2
101145,369,0,2
101146,360,0,2
101147,562,0,3
101148,247,0,3
101149,87,0,1
101150,371,0,3
101151,120,0,2
101152,270,0,3
101153,281,0,3
101154,268,0,2
101155,166,0,2
101156,311,0,2
101157,108,0,1
101158,327,0,2
101159,274,8,2
101160,211,0,2
101161,227,0,1
101162,206,0,2
101163,119,0,2
101164,370,0,3
101165,288,0,2
101166,237,0,3
101167,84,0,1
101168,113,0,1
101169,331,0,3
101170,360,0,2
101171,195,0,3
101172,518,0,3
101173,161,0,2
101174,411,0,2
101175,117,0,2
101176,248,0,2
101177,129,0,1
101178,97,0,2
101179,183,0,2
101180,309,0,2
101181,98,0,2
101182,72,0,1
101183,336,0,2
101184,152,0,2
101185,394,0,2
101186,147,0,2
101187,89,0,1
101188,437,0,3
101189,292,0,2
101190,358,0,2
101191,210,8,1
101192,222,0,1
101193,309,0,2
101194,128,0,2
101195,283,0,3
101196,273,0,2
101197,361,0,2
101198,79,0,1
101199,165,0,2
101200,446,0,3
101201,408,0,3
101202,322,0,2
101203,49,0,1
101204,270,0,2
101205,147,0,2
101206,216,0,3
101207,34,0,1
101208,443,0,3
101209,246,0,1
101210,130,0,2
101211,437,0,3
101212,205,0,1
101213,303,0,2
101214,316,0,3
101215,250,0,2
101216,177,0,2
101217,275,8,2
101218,87,0,1
101219,30,0,1
101220,235,0,2
101221,229,0,2
101222,269,0,2
101223,360,0,3
101224,207,0,3
101225,123,0,1
101226,63,0,1
101227,148,0,2
101228,34,0,1
101229,594,0,3
101230,207,0,2
101231,138,0,2
101232,208,0,2
101233,213,0,2
101234,158,0,2
101236,481,8,2
101237,309,0,3
101238,220,0,1
101239,311,0,2
101240,240,0,2
101241,207,0,3
101242,51,0,1
101243,203,0,2
101244,102,0,1
101245,258,0,3
101246,357,0,3
101247,251,0,3
101248,161,0,1
101249,160,0,3
101250,176,0,3
101251,411,0,3
101252,149,0,1
101253,173,0,2
101254,372,0,2
101255,83,0,2
101256,335,0,2
101257,228,0,2
101258,272,0,1
101259,454,0,3
101260,476,0,3
101261,150,0,2
101262,208,0,2
101263,157,0,2
101264,264,0,2
101265,488,8,3
101266,137,0,2
101267,179,8,1
101268,247,0,3
101269,142,0,2
101270,265,0,2
101271,287,0,3
101272,343,0,2
101273,386,0,3
101274,213,0,2
101275,279,0,2
101276,199,0,1
101277,304,0,2
101278,456,0,3
101279,60,0,1
101280,32,0,1
101281,378,0,3
101283,334,0,3
101284,70,0,2
101285,377,0,3
101286,141,0,2
101287,44,0,1
101288,238,0,2
101289,138,0,1
101290,377,0,3
101291,124,0,1
101292,246,0,1
101293,34,0,1
101294,175,0,1
101295,329,0,2
101296,168,0,3
101297,222,0,2
101298,469,0,3
101299,136,0,2
101300,344,0,3
101301,281,0,2
101302,298,0,2
101303,364,0,2
101304,50,0,1
101305,331,0,2
101306,313,8,2
101307,215,0,3
101308,409,0,3
101309,439,0,3
101310,422,0,2
101311,301,0,2
101312,337,0,3
101313,597,0,3
101314,32,0,1
101315,409,0,2
101316,153,0,2
101317,553,0,3
101318,73,0,2
101319,215,0,1
101320,230,0,2
101321,234,0,2
101322,87,0,1
101323,31,0,1
101324,149,0,1
101325,285,0,3
101326,234,8,3
101327,361,0,3
101328,174,0,1
101329,472,0,3
101330,343,0,3
101331,278,0,2
101332,83,0,2
101333,38,0,1
101334,170,0,1
101335,121,0,2
101336,372,0,2
101337,230,0,2
101338,81,0,2
101339,273,0,2
101340,98,0,2
101341,124,0,2
101342,323,0,2
101343,74,0,1
101344,281,0,2
101345,144,0,1
101346,318,0,2
101348,200,0,1
101349,149,0,1
101352,177,0,2
101353,244,0,1
101354,76,0,1
101355,84,0,2
101356,212,0,2
101357,245,0,1
101358,246,0,2
101359,354,0,2
101360,188,6,1
101361,374,0,2
101362,228,0,2
101363,232,0,1
101364,491,0,2
101365,84,0,1
101366,34,0,1
101367,161,0,1
101368,144,0,2
101369,398,0,2
101370,265,0,2
101371,329,8,2
101372,142,0,1
101373,174,0,1
101374,144,0,1
101375,63,0,1
101377,49,0,1
101378,275,0,2
101380,132,0,1
101381,469,0,2
101382,231,0,2
101383,337,8,2
101384,135,0,2
101385,71,0,2
101386,209,0,2
101387,49,0,1
101388,228,0,2
101389,154,0,2
101390,300,0,2
101391,185,0,1
101392,63,0,1
101393,243,8,2
101394,40,0,1
101395,160,0,1
101397,54,0,1
101400,438,0,2
101401,99,0,2
101402,69,0,1
101403,200,0,2
101406,295,0,2
101407,258,0,2
101408,300,8,2
101409,89,0,1
101411,49,0,1
101414,244,0,2
101415,144,0,1
101416,208,0,2
101417,374,0,2
101418,102,0,2
101419,80,0,1
101421,182,0,2
101422,322,0,2
101423,263,0,1
101424,119,0,1
101425,49,0,1
101426,271,0,2
101427,65,0,1
101428,30,0,1
101429,152,0,2
101430,177,0,2
101431,163,0,1
101432,188,0,2
101434,266,0,2
101435,49,0,1
101436,139,0,1
101437,290,0,2
101438,431,6,2
101439,245,0,2
101440,206,0,2
101441,271,0,2
101442,224,0,2
101443,178,0,2
101444,30,0,1
101445,94,0,1
101447,104,0,2
101448,68,0,2
101449,309,0,2
101450,49,0,1
101451,172,0,1
101452,191,0,2
101453,30,0,1
101454,168,0,2
101455,438,0,2
101456,185,0,2
101457,149,0,1
101458,78,0,2
101459,221,0,1
101461,171,0,1
101462,300,0,2
101463,417,0,2
101464,83,0,2
101465,374,0,2
101466,177,0,1
101467,272,0,2
101468,268,0,2
101469,348,0,2
101470,226,0,2
101471,396,0,2
101472,223,0,2
101473,397,0,2
101474,123,0,1
101475,354,0,2
101476,356,0,2
101478,59,0,1
101479,175,0,2
101480,261,0,2
101481,157,0,1
101483,213,0,1
101484,168,0,1
101485,49,0,1
101486,319,0,2
101487,136,0,2
101489,362,0,2
101490,191,0,1
101491,291,0,2
101492,392,0,2
101493,144,0,1
101494,122,0,1
101495,217,8,2
101496,209,0,1
101498,220,8,1
101499,231,0,2
101500,363,0,2
101501,260,6,2
101502,231,0,2
101504,251,0,2
101505,34,0,1
101506,328,0,2
101507,256,0,2
101508,321,6,2
101509,58,0,1
101511,328,0,2
101512,41,0,1
101513,165,0,2
101514,99,0,1
101515,79,0,1
101516,261,0,1
101517,94,0,1
101518,336,0,2
101519,141,0,2
101520,226,0,2
101522,233,0,2
101523,158,0,2
101524,177,0,1
101525,44,0,1
101526,267,0,1
101527,34,0,1
101528,98,0,2
101529,385,0,2
101530,186,0,2
101531,63,0,1
101533,409,0,2
101534,143,0,2
101535,131,0,1
101536,91,0,1
101537,170,0,2
101538,306,0,2
101539,123,0,2
101540,236,0,1
101541,215,0,1
101542,134,0,1
101543,386,0,2
101544,184,0,1
101545,218,0,2
101546,149,0,1
101547,224,0,2
101548,215,0,2
101549,63,0,1
101551,79,0,1
101552,308,8,2
101553,38,0,1
101554,124,0,1
101555,192,0,1
101556,96,0,2
101558,414,0,2
101560,186,0,2
101561,144,0,1
101564,219,0,1
101565,407,0,2
101566,149,0,1
101567,140,0,2
101568,208,0,1
101569,219,0,2
101570,76,0,2
101571,190,0,1
101572,38,0,1
101573,83,0,1
101574,54,0,1
101575,320,0,2
101576,216,0,1
101577,217,0,2
101578,59,0,1
101579,208,0,1
101580,79,0,1
101581,74,0,1
101582,49,0,1
101583,439,0,2
101584,99,0,1
101585,111,0,1
101586,446,0,2
101587,197,0,2
101588,47,0,1
101589,99,0,2
101590,228,0,2
101591,74,0,1
101592,268,0,2
101593,129,0,1
101594,128,0,2
101595,49,0,1
101596,82,0,2
101598,446,0,2
101599,193,0,1
101600,113,0,2
101601,161,0,1
101603,34,0,1
101604,49,0,1
101605,278,0,2
101606,214,8,1
101607,370,0,2
101608,144,0,1
101609,40,0,1
101610,184,0,2
101611,125,0,2
101612,49,0,1
101613,199,0,2
101614,294,8,2
101615,173,8,1
101616,292,0,2
101617,133,8,1
101618,193,0,1
101619,149,0,1
101620,72,0,1
101621,307,0,2
101623,96,0,1
101624,126,0,2
101625,106,0,2
101626,145,0,2
101627,178,0,2
101628,183,0,2
101629,273,0,2
101630,285,0,2
101631,174,0,2
101632,256,0,1
101633,150,0,2
101634,116,0,2
101635,237,0,2
101636,47,0,1
101637,42,0,1
101638,89,0,1
101639,171,0,2
101640,61,0,1
101641,33,0,1
101642,344,0,2
101645,252,0,2
101646,150,0,2
101648,112,0,2
101649,34,0,1
101650,357,0,2
101651,99,0,1
101652,248,0,2
101653,213,0,2
101654,116,0,1
101655,70,0,2
101656,380,0,2
101657,65,0,1
101658,87,0,1
101659,149,0,1
101660,100,0,1
101661,87,0,1
101662,167,0,1
101663,34,0,1
101664,406,0,2
101665,87,0,1
101666,240,0,2
101668,87,0,1
101669,283,0,2
101670,258,0,2
101671,128,0,2
101672,232,0,2
101673,82,0,1
101674,87,0,1
101675,173,0,1
101676,460,0,2
101677,72,0,1
101678,147,0,1
101679,171,0,2
101680,34,0,1
101681,193,6,1
101682,234,0,1
101683,252,0,2
101684,274,0,2
101685,234,0,2
101686,216,0,2
101687,46,0,1
101688,274,0,2
101689,149,0,1
101690,31,0,1
101691,260,0,2
101692,263,0,2
101693,30,0,1
101694,183,0,2
101695,348,0,2
101696,164,0,2
101697,40,0,1
101699,180,0,2
101700,148,0,2
101701,341,0,2
101702,169,0,1
101703,317,0,2
101705,369,0,2
101706,282,0,2
101707,171,0,2
101708,305,0,2
101709,325,0,2
101710,157,0,2
101711,209,0,2
101712,87,0,1
101713,87,0,1
101714,265,0,2
101715,87,0,1
101716,150,0,2
101717,63,0,1
101718,321,0,2
101719,251,0,2
101720,238,0,2
101722,299,0,2
101723,34,0,1
101724,352,0,2
101725,260,0,1
101726,134,0,2
101727,141,0,1
101728,232,0,1
101730,296,0,2
101731,111,0,2
101732,35,0,1
101733,63,0,1
101734,278,0,2
101735,357,0,2
101736,227,0,2
101737,146,0,2
101738,127,0,2
101739,354,0,2
101740,245,0,2
101741,197,0,2
101742,89,0,1
101743,299,0,2
101744,87,0,1
101745,64,0,2
101746,31,0,1
101747,31,0,1
101748,194,0,2
101749,87,0,1
101750,258,0,1
101751,252,0,2
101752,261,0,1
101753,249,0,2
101754,147,0,2
101755,49,0,1
101756,89,0,1
101757,248,0,2
101758,171,0,1
101759,237,0,1
101760,157,0,1
101761,284,0,2
101763,189,0,2
101764,376,0,2
101765,403,0,2
101767,327,0,2
101768,251,0,2
101769,179,0,2
101770,151,0,2
101771,177,0,2
101772,112,0,2
101773,114,0,1
101774,385,0,2
101775,116,0,1
101776,89,0,1
101777,79,0,1
101778,240,0,2
101779,121,0,2
101780,302,0,2
101781,263,0,2
101782,314,0,2
101783,183,0,2
101784,389,0,2
101785,238,0,2
101786,174,0,1
101787,39,0,1
101788,63,0,1
101789,117,0,2
101790,252,0,2
101791,137,0,1
101792,169,0,1
101793,34,0,1
101794,171,6,1
101795,89,0,1
101796,116,0,1
101798,168,0,2
101799,224,0,2
101800,152,0,2
101801,264,0,2
101802,276,0,2
101803,267,0,1
101804,270,0,2
101805,34,0,1
101806,67,0,1
101807,418,0,2
101808,84,0,1
101809,84,0,1
101810,232,0,2
101813,99,0,1
101814,313,0,2
101815,199,0,1
101816,157,0,2
101817,63,0,1
101819,82,0,1
101820,89,0,1
101821,60,0,1
101822,244,0,1
101823,92,0,1
101824,84,0,1
101825,323,0,2
101827,78,0,1
101828,256,0,2
101829,164,0,2
101830,117,0,2
101831,87,0,1
101832,138,0,2
101833,287,0,2
101834,227,0,1
101835,128,0,1
101836,382,0,2
101837,457,0,2
101838,301,0,2
101840,271,0,2
101841,168,0,2
101842,119,0,2
101843,117,0,2
101844,87,0,1
101845,149,0,2
101846,37,0,1
101847,199,0,1
101848,259,0,2
101849,221,0,2
101851,133,0,2
101852,258,0,1
101853,109,0,1
101854,396,0,2
101857,129,0,1
101858,87,0,1
101860,379,0,2
101861,300,0,2
101862,244,0,2
101863,87,0,1
101864,165,0,1
101865,356,0,2
101866,355,0,2
101867,186,0,1
101868,227,8,2
101869,40,0,1
101870,342,0,2
101871,363,0,2
101872,386,0,2
101873,161,0,2
101874,128,0,2
101876,199,0,1
101877,33,0,1
101878,159,0,2
101879,107,0,1
101880,34,0,1
101881,65,0,1
101882,190,0,2
101883,176,0,1
101884,238,0,2
101885,76,0,1
101886,388,0,2
101887,141,0,1
101888,219,0,2
101890,200,0,1
101891,40,0,1
101892,257,0,2
101893,72,0,1
101894,192,0,1
101895,318,0,2
101896,149,0,1
101897,73,0,1
101898,176,0,2
101899,48,0,1
101900,362,0,2
101901,99,0,1
101902,126,0,2
101903,94,0,1
101904,87,0,1
101905,76,0,1
101906,84,0,1
101907,123,0,1
101908,79,0,1
101909,94,0,1
101910,143,0,1
101911,162,0,1
101912,140,0,1
101913,290,0,2
101915,393,8,2
101916,154,0,2
101917,168,0,1
101918,266,0,2
101919,172,0,2
101920,290,0,2
101921,192,0,1
101922,144,0,1
101923,267,0,1
101924,149,0,1
101925,49,0,1
101926,266,6,2
101927,206,0,2
101929,300,6,2
101930,73,0,1
101931,326,0,2
101932,410,0,2
101933,277,0,2
101934,312,6,2
101935,410,0,2
101936,211,0,2
101937,184,0,2
101938,377,0,2
101939,49,0,1
101941,242,0,2
101942,172,0,1
101943,100,0,1
101944,293,0,2
101945,288,0,2
101946,193,0,2
101947,312,0,2
101948,305,6,2
101949,149,0,1
101950,135,0,2
101951,166,0,1
101952,49,0,1
101953,250,0,2
101954,52,0,1
101955,293,0,2
101956,89,0,1
101957,243,0,2
101958,221,0,1
101959,191,0,1
101960,270,0,2
101961,200,0,2
101962,148,0,2
101963,178,0,2
101964,34,0,1
101965,238,0,2
101966,89,0,1
101967,31,0,1
101968,59,0,1
101969,146,0,1
101970,417,0,2
101971,253,0,2
101972,121,0,1
101973,353,6,2
101974,183,0,2
101975,69,0,1
101976,163,0,1
101977,214,0,1
101978,294,0,2
101980,279,6,2
101981,84,0,2
101982,147,0,1
101983,138,0,2
101984,235,0,2
101985,129,0,2
101986,89,0,1
101987,99,0,1
101988,382,0,2
101989,227,0,1
101990,233,0,2
101991,302,0,2
101992,346,0,2
101993,212,0,1
101994,144,0,1
101995,186,0,1
101996,212,0,2
101997,87,0,2
101998,47,0,1
101999,288,0,2
102001,437,0,2
102002,457,0,2
102003,180,0,2
102004,293,0,2
102005,193,0,2
102006,149,0,1
102007,271,8,1
102008,181,0,2
102010,98,0,2
102011,273,0,2
102012,377,0,2
102013,173,0,1
102014,40,0,1
102016,183,0,2
102017,98,0,1
102018,232,0,2
102019,90,0,2
102020,115,0,2
102022,144,0,1
102023,89,0,2
102024,41,0,1
102026,48,0,1
102027,266,8,2
102028,288,0,2
102029,227,0,1
102030,144,0,1
102031,198,0,1
102032,128,0,2
102033,337,6,2
102035,201,0,1
102036,283,0,2
102037,144,0,1
102038,161,0,2
102039,406,0,2
102040,188,0,2
102041,203,0,2
102042,312,0,2
102043,193,0,1
102045,243,0,1
102046,190,0,1
102047,446,0,2
102048,153,0,2
102049,276,0,2
102050,209,0,2
102051,123,0,1
102052,306,0,2
102053,129,0,1
102054,253,6,1
102055,282,6,2
102056,206,0,2
102057,161,0,1
102058,144,0,1
102059,49,0,1
102060,262,6,2
102061,161,0,1
102062,246,0,2
102063,95,0,2
102064,126,0,2
102065,302,0,2
102066,431,0,2
102067,358,0,2
102068,193,0,1
102069,260,0,2
102070,542,8,3
102071,114,0,1
102072,193,0,1
102073,74,0,1
102074,51,0,1
102075,255,0,2
102076,142,0,2
102077,34,0,1
102078,186,0,2
102079,411,0,3
102081,164,0,2
102083,94,0,1
102084,176,0,2
102085,89,0,1
102086,183,0,2
102087,307,0,2
102088,87,0,1
102089,121,0,2
102090,390,0,2
102091,33,0,1
102092,187,0,1
102093,242,0,1
102094,87,0,1
102095,87,0,1
102096,89,0,1
102097,244,0,2
102098,181,0,2
102099,263,0,2
102100,89,0,1
102101,89,0,1
102102,99,0,1
102103,207,0,1
102104,113,0,2
102105,242,8,2
102106,121,0,1
102107,76,0,2
102108,122,0,1
102109,181,0,2
102110,145,0,2
102111,314,0,2
102112,174,0,2
102113,147,0,2
102114,80,0,1
102115,94,0,1
102116,330,0,2
102117,248,0,2
102118,278,0,2
102119,63,0,1
102120,152,0,2
102121,199,0,1
102122,446,8,2
102123,150,0,2
102124,87,0,1
102125,217,0,2
102126,164,0,2
102127,134,0,2
102128,222,8,1
102129,140,0,2
102130,87,0,1
102131,242,0,2
102132,94,0,1
102133,39,0,1
102135,45,0,1
102136,30,0,1
102137,143,0,1
102138,185,0,3
102139,142,0,1
102140,258,0,2
102141,245,0,1
102142,94,0,1
102145,67,0,2
102146,110,0,1
102147,30,0,1
102148,45,0,1
102151,104,0,2
102152,99,0,1
102153,230,0,1
102154,128,0,2
102155,131,0,1
102156,138,0,2
102157,281,8,2
102158,226,0,2
102159,141,0,1
102160,47,0,1
102161,87,0,1
102162,30,0,1
102163,139,0,2
102164,108,0,2
102165,184,0,1
102166,207,0,1
102167,116,0,1
102168,128,0,2
102169,95,0,1
102170,202,0,1
102171,33,0,1
102172,170,0,2
102173,144,0,1
102176,34,0,1
102177,137,0,1
102178,182,8,2
102179,67,0,2
102180,310,0,2
102181,198,0,1
102182,441,0,2
102183,343,0,2
102184,301,0,2
102185,351,8,2
102186,98,0,1
102187,208,0,1
102188,255,0,1
102190,243,0,1
102191,111,0,2
102192,247,0,1
102193,307,0,2
102194,87,0,1
102195,133,0,1
102196,136,0,2
102197,129,0,2
102198,221,0,2
102199,146,0,1
102200,381,0,2
102201,146,0,1
102202,173,0,1
102203,112,0,2
102204,220,0,1
102205,216,0,1
102206,87,0,1
102207,473,8,2
102208,207,0,1
102209,127,0,2
102211,191,0,2
102212,244,0,2
102213,231,0,2
102214,89,0,1
102215,50,0,1
102216,164,0,1
102217,87,0,1
102218,134,0,1
102219,87,0,1
102220,131,0,2
102221,89,0,1
102222,134,0,1
102223,419,0,2
102225,203,0,2
102226,163,0,1
102227,126,0,2
102228,87,0,1
102229,123,0,1
102230,351,0,2
102231,351,0,2
102232,328,0,2
102233,241,0,2
102234,117,0,1
102235,75,0,2
102236,124,0,1
102237,163,0,2
102238,34,0,1
102239,374,0,2
102240,89,0,1
102241,121,0,2
102242,263,0,1
102243,94,0,1
102244,181,0,2
102245,163,0,1
102247,34,0,1
102248,135,0,2
102250,153,0,2
102251,94,0,1
102252,297,0,2
102254,72,0,2
102255,239,0,2
102256,133,0,1
102257,151,0,2
102258,87,0,1
102259,108,0,1
102261,96,0,1
102262,227,0,2
102263,260,0,1
102264,186,0,2
102265,138,0,2
102266,61,0,2
102267,213,0,2
102268,124,0,1
102269,157,0,2
102270,213,0,2
102271,155,0,1
102272,119,0,2
102273,89,0,1
102274,69,0,2
102276,111,0,1
102277,89,0,1
102278,320,0,2
102279,170,0,1
102280,175,0,1
102281,196,0,1
102282,94,0,1
102283,68,0,1
102284,182,0,1
102285,34,0,1
102286,229,8,2
102287,87,0,1
102288,117,0,1
102289,221,0,1
102290,279,0,2
102291,41,0,1
102292,241,0,1
102293,301,0,2
102294,302,0,2
102295,125,0,2
102296,250,0,2
102297,250,0,1
102298,49,0,1
102299,211,0,2
102300,135,0,1
102301,178,0,2
102302,33,0,1
102303,318,0,2
102304,80,0,1
102305,45,0,1
102306,79,0,1
102307,181,0,2
102308,117,0,2
102309,348,0,2
102310,141,0,1
102311,141,0,2
102313,212,0,1
102314,368,0,2
102316,94,0,1
102317,241,0,1
102318,263,0,2
102319,290,0,2
102320,232,0,1
102321,94,0,1
102322,185,0,1
102323,127,0,1
102324,30,0,1
102325,337,0,2
102326,344,0,2
102327,318,0,2
102328,361,0,2
102329,286,0,2
102332,97,0,1
102333,287,0,2
102335,271,0,1
102336,212,0,2
102337,210,0,2
102338,221,0,2
102339,34,0,1
102340,102,0,1
102342,33,0,1
102343,381,0,2
102344,91,0,2
102345,40,0,1
102346,169,0,1
102347,139,0,2
102348,263,0,2
102349,393,0,2
102350,182,0,2
102352,49,0,1
102353,201,0,2
102354,318,0,2
102355,387,8,2
102356,386,8,2
102357,261,0,2
102358,87,0,1
102359,138,0,2
102360,256,0,2
102361,223,0,2
102363,186,0,1
102364,127,0,2
102365,323,0,2
102367,166,0,2
102368,178,0,2
102369,353,0,2
102370,96,0,1
102371,295,0,2
102372,201,0,2
102373,123,0,1
102374,211,0,2
102375,188,0,2
102377,142,0,1
102378,99,0,1
102379,148,0,1
102380,450,0,2
102381,296,0,2
102382,87,0,1
102383,76,0,1
102384,409,0,2
102385,338,0,2
102386,97,0,2
102387,62,0,2
102388,131,0,1
102389,215,0,1
102390,169,0,2
102391,87,0,1
102392,87,0,1
102393,228,0,1
102394,149,0,1
102395,84,0,1
102396,90,0,2
102397,31,0,1
102398,87,0,1
102399,183,0,1
102401,164,0,2
102402,169,0,1
102403,219,0,2
102404,134,0,2
102405,135,0,2
102406,233,0,1
102407,134,0,1
102408,235,0,1
102409,79,0,1
102410,181,0,2
102411,82,0,1
102412,89,0,1
102413,79,0,1
102414,33,0,1
102415,168,0,2
102416,128,0,2
102417,30,0,1
102418,362,0,2
102419,33,0,1
102420,87,0,1
102421,264,0,2
102422,107,0,2
102425,87,0,1
102426,216,0,2
102427,87,0,1
102428,31,0,1
102429,134,0,1
102430,239,0,1
102431,87,0,1
102432,154,0,1
102433,173,0,2
102434,238,0,2
102435,87,0,1
102437,47,0,1
102438,201,0,2
102439,180,0,1
102441,227,0,1
102442,49,0,1
102443,66,0,1
102444,260,0,2
102446,128,0,2
102447,168,0,2
102448,224,0,1
102450,210,0,2
102451,247,0,2
102452,30,0,1
102454,324,0,2
102455,123,0,1
102456,191,0,2
102457,117,0,1
102459,171,0,1
102460,87,0,1
102461,247,0,1
102462,239,0,2
102463,173,0,2
102464,186,0,1
102465,218,0,1
102466,262,0,2
102467,369,0,2
102468,209,0,1
102469,175,0,1
102470,221,0,2
102471,78,0,1
102472,134,0,1
102473,89,0,1
102474,87,0,1
102475,89,0,1
102476,33,0,1
102477,154,0,2
102478,223,0,2
102479,242,0,2
102480,233,0,2
102481,65,0,1
102482,142,8,1
102483,117,0,1
102484,208,0,1
102485,170,0,1
102486,182,0,2
102487,87,0,1
102488,233,0,2
102489,209,0,2
102490,342,0,2
102491,33,0,1
102492,380,0,2
102493,59,0,1
102494,231,0,2
102495,229,0,1
102496,89,0,1
102497,33,0,1
102498,253,0,2
102499,406,0,3
102500,165,0,2
102501,300,0,2
102502,247,0,1
102503,87,0,1
102505,370,0,2
102506,149,0,1
102507,89,0,1
102508,203,0,1
102509,33,0,1
102510,54,0,1
102511,131,0,1
102512,34,0,1
102513,87,0,1
102514,326,0,2
102515,162,0,2
102516,268,0,2
102518,87,0,1
102519,87,0,1
102520,119,0,1
102521,76,0,1
102522,276,0,2
102523,156,0,2
102524,160,0,2
102525,284,0,2
102526,331,0,2
102527,216,0,1
102528,320,0,2
102529,79,0,1
102530,109,0,1
102531,194,0,2
102532,340,0,2
102533,60,0,1
102534,342,0,2
102535,175,0,2
102536,87,0,1
102537,34,0,1
102538,228,8,1
102539,124,0,1
102540,87,0,1
102541,87,0,1
102542,364,0,2
102544,154,0,2
102547,149,0,2
102548,124,0,1
102549,158,0,2
102551,189,0,2
102552,268,0,2
102553,30,0,1
102554,166,0,2
102555,187,0,2
102556,40,0,1
102557,33,0,1
102558,84,0,2
102559,220,0,2
102560,196,0,2
102561,277,0,2
102562,175,0,2
102563,56,0,1
102564,169,0,1
102565,44,0,1
102566,87,0,2
102567,161,0,1
102568,230,0,2
102569,349,0,2
102570,108,0,2
102571,184,0,2
102572,127,0,2
102574,95,0,2
102575,318,0,2
102576,198,0,2
102577,278,0,2
102578,456,0,2
102579,59,0,1
102580,56,0,1
102581,46,0,1
102582,237,0,1
102583,279,0,2
102585,166,0,1
102586,89,0,1
102587,176,0,2
102588,69,0,2
102589,272,0,2
102590,212,0,2
102591,333,0,2
102592,454,0,3
102593,87,0,1
102594,155,0,2
102595,33,0,1
102596,215,0,1
102597,189,0,2
102599,241,0,2
102600,74,0,1
102601,200,8,2
102602,33,0,1
102603,149,0,2
102604,165,0,2
102606,232,0,2
102607,159,0,2
102608,178,0,2
102609,192,0,1
102610,362,0,2
102611,164,0,2
102612,231,0,1
102613,282,0,2
102615,176,0,2
102616,306,0,2
102617,99,0,1
102618,87,0,1
102619,592,0,2
102620,265,0,2
102621,340,0,2
102623,146,0,2
102625,171,0,1
102626,305,0,2
102628,179,0,1
102629,101,0,1
102630,44,0,1
102631,445,0,2
102632,134,0,1
102633,194,0,2
102634,122,0,1
102635,298,0,2
102636,278,0,2
102637,38,0,1
102638,154,0,2
102639,177,0,2
102640,186,0,1
102641,255,0,2
102642,119,0,1
102643,87,0,1
102644,335,0,2
102645,267,0,2
102646,362,0,2
102647,454,0,2
102648,164,0,2
102649,42,0,1
102650,163,0,2
102651,260,0,2
102652,233,0,1
102653,436,8,2
102654,257,0,2
102655,96,0,1
102656,44,0,1
102658,86,0,2
102659,300,0,2
102660,241,0,1
102661,257,0,1
102662,492,0,2
102663,380,0,2
102664,467,0,2
102665,386,0,2
102666,233,0,2
102667,41,0,1
102668,167,0,1
102670,139,0,1
102671,221,0,2
102672,195,0,2
102673,77,0,2
102674,260,0,2
102675,252,0,2
102676,40,0,1
102677,204,0,1
102678,367,0,2
102679,213,0,1
102680,278,0,2
102681,454,0,2
102682,142,0,2
102683,127,0,2
102684,93,0,2
102685,218,0,1
102686,176,0,2
102687,60,0,1
102688,89,0,1
102689,273,0,2
102690,385,0,2
102692,119,0,2
102693,292,0,2
102694,122,0,2
102695,77,0,1
102696,265,8,1
102697,63,0,1
102699,121,0,2
102702,206,0,2
102703,393,0,2
102704,207,0,2
102705,399,0,2
102706,114,0,1
102707,239,0,1
102709,321,0,2
102710,298,0,2
102711,234,0,1
102712,262,0,2
102713,262,8,1
102714,89,0,1
102715,49,0,1
102716,397,8,2
102717,144,0,1
102718,168,0,1
102719,127,0,1
102720,321,0,2
102721,167,0,1
102722,121,0,1
102723,233,0,1
102724,256,0,1
102725,73,0,2
102726,259,0,2
102728,46,0,1
102729,143,0,2
102730,257,0,1
102731,223,0,2
102732,147,0,1
102733,44,0,1
102734,212,0,1
102735,240,0,2
102736,265,0,1
102737,160,0,1
102738,93,0,2
102739,31,0,1
102742,53,0,1
102743,149,0,1
102744,98,0,2
102745,133,0,1
102746,225,0,2
102747,263,0,1
102748,315,8,2
102749,122,0,1
102751,149,0,1
102752,223,0,2
102753,232,0,2
102754,129,8,1
102755,149,0,1
102756,221,0,2
102757,126,0,2
102758,294,0,2
102759,253,0,1
102760,159,0,2
102761,267,0,1
102762,149,0,1
102763,113,0,1
102764,94,0,1
102765,94,0,1
102766,211,0,1
102767,94,0,1
102768,39,0,1
102772,173,0,1
102775,34,0,1
102776,79,0,1
102777,91,0,1
102779,111,0,1
102780,241,0,1
102782,49,0,1
102783,49,0,1
102784,262,0,1
102785,94,0,1
102787,34,0,1
102788,139,0,1
102789,241,0,1
102790,99,0,1
102792,33,0,1
102794,258,6,1
102796,41,0,1
102798,94,0,1
102799,222,0,1
102800,123,0,1
102801,94,0,1
102802,49,0,1
102803,30,0,1
102805,30,0,1
102806,52,0,1
102807,94,0,1
102808,208,0,1
102809,253,0,1
102810,167,0,1
102816,94,0,1
102817,33,0,1
102820,49,0,1
102821,30,0,1
102822,34,0,1
102824,94,0,1
102826,94,0,1
102827,94,0,1
102828,49,0,1
102829,34,0,1
102831,94,0,1
102832,139,0,1
102833,49,0,1
102835,266,0,1
102836,253,0,1
102840,149,0,1
102841,119,0,1
102842,241,6,1
102843,213,0,1
102845,144,0,1
102847,40,0,1
102848,184,0,1
102849,144,0,1
102850,63,0,1
102851,99,0,1
102852,178,0,1
102853,144,0,1
102856,49,0,1
102859,144,0,1
102860,272,0,1
102862,144,0,1
102863,262,6,1
102866,42,0,1
102867,147,0,1
102869,158,0,1
102872,39,0,1
102873,264,0,1
102874,149,0,1
102876,130,0,1
102879,34,0,1
102880,204,0,1
102881,126,0,1
102886,112,6,1
102887,119,0,1
102889,225,0,1
102891,89,0,1
102893,144,0,1
102895,172,0,1
102896,48,0,1
102897,78,0,1
102898,149,0,1
102899,149,0,1
102900,42,0,1
102902,40,0,1
102903,183,0,1
102904,228,0,1
102905,58,0,1
102906,255,0,1
102907,144,0,1
102909,49,0,1
102910,36,0,1
102911,36,0,1
102912,149,0,1
102916,155,0,1
102917,65,0,1
102918,201,0,1
102920,49,0,1
102922,39,0,1
102923,189,0,1
102924,240,0,1
102927,144,0,1
102928,39,0,1
102929,144,0,1
102930,144,0,1
102931,168,0,1
102932,155,0,1
102934,271,0,1
102938,149,0,1
102940,73,0,1
102943,49,0,1
102945,153,0,1
102946,237,0,1
102947,98,0,1
102949,270,0,1
102950,144,0,1
102952,144,0,1
102953,229,0,1
102954,115,0,1
102958,223,0,1
102959,46,0,1
102962,37,0,1
102964,36,0,1
102965,224,0,1
102967,149,0,1
102968,49,0,1
102969,226,0,1
102970,151,0,1
102971,151,6,1
102972,189,0,1
102973,39,0,1
102974,44,0,1
102975,144,0,1
102976,161,0,1
102977,149,0,1
102978,144,0,1
102979,144,0,1
102981,65,0,1
102983,144,0,1
102986,144,0,1
102987,180,0,1
102988,144,0,1
102989,244,0,1
102991,33,0,1
102992,40,0,1
102993,261,0,1
102995,34,0,1
102997,149,0,1
102998,144,0,1
102999,44,0,1
103007,54,0,1
103011,144,0,1
103012,44,0,1
103013,118,0,1
103016,168,0,1
103017,214,0,1
103019,32,0,1
103020,144,0,1
103023,183,0,1
103024,183,0,1
103025,164,0,1
103026,41,0,1
103027,415,0,1
103028,425,0,1
103029,263,0,1
103030,148,0,1
103031,263,0,1
103033,1000,0,1
103034,200,0,1
103035,165,0,1
103036,49,0,1
103037,49,0,1
103039,158,0,1
103040,144,0,1
103041,48,0,1
103042,188,0,1
103043,236,0,1
103044,71,0,1
103045,49,0,1
103046,38,0,1
103047,154,0,1
103049,48,0,1
103051,48,0,1
103052,38,0,1
103054,178,0,1
103055,144,0,1
103056,37,0,1
103057,210,0,1
103059,149,0,1
103061,59,0,1
103062,156,0,1
103064,49,0,1
103065,144,0,1
103066,171,6,1
103067,98,0,1
103068,182,0,1
103070,230,0,1
103071,149,0,1
103074,54,0,1
103075,144,6,1
103076,183,0,1
103077,94,0,1
103079,94,0,1
103081,119,0,1
103084,34,0,1
103085,41,0,1
103086,157,0,1
103087,155,0,1
103088,94,0,1
103089,226,0,1
103090,34,0,1
103091,264,0,1
103093,42,0,1
103096,34,0,1
103099,79,0,1
103101,158,0,1
103103,94,0,1
103106,34,0,1
103109,94,0,1
103110,114,0,1
103111,106,0,1
103113,49,0,1
103116,123,0,1
103117,58,0,1
103118,228,0,1
103119,123,0,1
103120,94,0,1
103121,167,0,1
103123,161,0,1
103124,166,0,1
103127,200,0,1
103129,46,0,1
103130,34,0,1
103131,49,0,1
103132,94,0,1
103134,32,0,1
103135,159,0,1
103136,94,0,1
103137,126,0,1
103138,85,0,1
103139,232,0,1
103140,80,0,1
103142,227,0,1
103143,94,0,1
103144,30,0,1
103146,145,0,1
103147,94,0,1
103148,94,0,1
103150,94,0,1
103152,177,0,1
103153,34,0,1
103156,124,0,1
103158,99,0,1
103159,44,0,1
103160,51,0,1
103161,210,0,1
103162,108,0,1
103163,49,0,1
103164,94,0,1
103166,166,0,1
103167,229,0,1
103168,30,0,1
103170,173,0,1
103171,222,0,1
103172,177,0,1
103173,144,0,1
103174,94,0,1
103178,94,0,1
103181,34,0,1
103182,57,0,1
103183,217,0,1
103185,49,0,1
103186,172,0,1
103187,94,0,1
103188,34,0,1
103189,94,0,1
103190,271,0,1
103191,75,0,1
103192,94,0,1
103194,247,0,1
103195,111,0,1
103197,94,0,1
103198,156,0,1
103199,99,0,1
103200,94,0,1
103201,34,0,1
103202,34,0,1
103204,66,0,1
103206,94,0,1
103208,94,0,1
103209,254,0,1
103210,36,0,1
103212,248,0,1
103213,152,6,1
103214,49,0,1
103215,121,0,1
103216,178,6,1
103217,160,0,1
103218,34,0,1
103219,40,0,1
103220,49,0,1
103221,210,6,1
103223,149,0,1
103224,49,0,1
103225,39,0,1
103226,40,0,1
103227,144,0,1
103228,139,0,1
103229,122,0,1
103230,49,0,1
103231,255,0,1
103232,198,0,1
103233,49,0,1
103234,149,0,1
103235,157,0,1
103238,168,0,1
103239,177,0,1
103240,144,0,1
103241,160,0,1
103242,158,0,1
103244,215,0,1
103245,44,0,1
103250,241,6,1
103253,40,0,1
103254,49,0,1
103255,183,0,1
103256,128,0,1
103257,271,0,1
103258,249,0,1
103259,119,0,1
103262,149,0,1
103265,37,0,1
103269,190,0,1
103270,180,0,1
103271,71,0,1
103274,98,0,1
103275,234,0,1
103276,128,0,1
103277,235,0,1
103278,32,0,1
103279,39,0,1
103280,144,0,1
103282,149,0,1
103283,250,0,1
103284,165,0,1
103285,144,0,1
103287,49,0,1
103288,272,0,1
103289,205,0,1
103291,186,0,1
103292,31,0,1
103293,169,0,1
103294,116,6,1
103295,218,0,1
103296,73,0,1
103297,1028,0,1
103298,134,0,1
103299,149,0,1
103300,38,0,1
103303,234,6,1
103304,144,0,1
103306,32,0,1
103307,118,0,1
103308,180,6,1
103311,149,0,1
103312,144,0,1
103313,158,0,1
103315,230,0,1
103316,34,0,1
103317,144,0,1
103318,137,0,1
103319,49,0,1
103320,32,0,1
103321,49,0,1
103323,144,0,1
103324,144,0,1
103325,49,0,1
103326,149,0,1
103327,139,0,1
103328,34,0,1
103330,94,0,1
103332,165,0,1
103333,99,0,1
103334,200,0,1
103336,30,0,1
103337,204,0,1
103339,94,0,1
103341,226,0,1
103342,94,0,1
103343,198,0,1
103347,119,0,1
103349,164,0,1
103351,129,0,1
103353,94,0,1
103355,94,0,1
103356,94,0,1
103357,94,0,1
103359,94,0,1
103360,119,0,1
103363,94,0,1
103364,112,0,1
103365,236,0,1
103366,164,0,1
103367,117,0,1
103368,136,0,1
103370,94,0,1
103371,177,0,1
103372,99,0,1
103373,88,0,1
103374,34,0,1
103376,180,0,1
103377,79,0,1
103379,138,0,1
103381,148,0,1
103383,148,0,1
103386,209,0,1
103387,49,0,1
103388,94,0,1
103389,127,0,1
103390,79,0,1
103391,34,0,1
103392,118,0,1
103393,94,0,1
103395,201,0,1
103396,244,0,1
103398,119,0,1
103399,81,0,1
103400,80,0,1
103403,139,0,1
103405,234,0,1
103406,124,0,1
103407,94,0,1
103408,94,0,1
103409,94,0,1
103410,94,0,1
103411,190,0,1
103412,51,0,1
103414,131,0,1
103415,257,0,1
103416,94,0,1
103417,79,0,1
103418,94,0,1
103419,43,0,1
103420,125,0,1
103422,254,0,1
103423,141,0,1
103424,195,0,1
103425,99,0,1
103426,94,0,1
103427,32,0,1
103428,94,0,1
103429,94,0,1
103432,94,0,1
103434,139,0,1
103435,94,0,1
103436,94,0,1
103437,214,0,1
103438,94,0,1
103439,94,0,1
103440,99,0,1
103442,184,0,1
103443,49,0,1
103444,94,0,1
103446,208,0,1
103449,212,0,1
103450,219,0,1
103451,94,0,1
103452,238,0,1
103454,196,0,1
103455,94,0,1
103456,34,0,1
103457,201,0,1
103458,234,0,1
103461,149,0,1
103462,256,0,1
103463,49,0,1
103464,94,0,1
103465,94,0,1
103466,204,0,1
103467,200,0,1
103468,139,0,1
103470,140,0,1
103471,265,0,1
103472,49,0,1
103474,44,0,1
103475,38,0,1
103476,230,0,1
103477,46,0,1
103479,144,0,1
103480,39,0,1
103481,114,0,1
103483,49,0,1
103484,220,0,1
103485,173,0,1
103486,43,0,1
103488,144,0,1
103489,153,0,1
103491,202,0,1
103492,144,0,1
103493,213,0,1
103494,49,0,1
103496,144,0,1
103498,251,0,1
103500,147,0,1
103501,40,0,1
103502,142,0,1
103503,149,0,1
103504,177,0,1
103505,236,0,1
103506,35,0,1
103507,149,0,1
103508,205,0,1
103509,144,0,1
103511,40,0,1
103513,144,0,1
103514,149,0,1
103518,192,0,1
103519,267,6,1
103520,144,0,1
103522,47,0,1
103524,122,0,1
103525,34,0,1
103526,191,0,1
103527,157,0,1
103528,188,0,1
103529,44,0,1
103531,185,0,1
103533,75,0,1
103534,34,0,1
103535,190,0,1
103536,114,0,1
103538,149,0,1
103540,137,0,1
103541,149,0,1
103542,42,0,1
103543,103,0,1
103545,56,0,1
103546,144,0,1
103547,144,0,1
103548,49,0,1
103551,98,0,1
103553,81,0,1
103554,92,0,1
103555,271,0,1
103556,144,0,1
103557,118,6,1
103560,193,0,1
103562,205,0,1
103563,179,6,1
103564,40,0,1
103565,73,0,1
103567,236,6,1
103568,144,0,1
103569,144,0,1
103570,219,6,1
103573,38,0,1
103574,33,0,1
103576,131,0,1
103577,37,0,1
103578,40,0,1
103579,235,6,1
103580,83,0,1
103581,128,0,1
103582,37,0,1
103583,179,6,1
103584,70,0,1
103585,53,0,1
103586,178,0,1
103588,31,0,1
103590,89,0,1
103591,87,0,1
103592,53,0,1
103593,197,0,2
103594,81,0,1
103595,87,0,1
103596,89,0,1
103597,85,0,1
103598,33,0,1
103599,89,0,1
103601,58,0,1
103602,341,0,2
103603,136,0,1
103606,43,0,1
103607,87,0,1
103609,67,0,1
103611,122,0,1
103613,99,0,1
103614,141,0,1
103615,166,0,1
103616,87,0,1
103617,87,0,1
103622,161,0,1
103623,33,0,1
103624,156,0,1
103625,67,0,1
103629,95,0,1
103630,99,0,1
103631,80,0,1
103632,364,0,2
103633,87,0,1
103634,59,0,1
103635,52,0,1
103636,117,0,1
103637,31,0,1
103640,275,0,1
103641,147,0,1
103642,181,0,1
103644,87,0,1
103645,52,0,1
103646,109,0,1
103647,150,0,1
103648,238,0,1
103649,143,0,1
103650,198,0,1
103651,87,0,1
103652,218,0,1
103653,210,0,1
103654,34,0,1
103657,126,0,1
103658,142,0,1
103660,154,0,1
103661,118,0,1
103662,73,0,1
103664,129,0,1
103665,87,0,1
103667,248,0,1
103668,198,0,1
103669,52,0,1
103671,87,0,1
103672,87,0,1
103673,114,0,1
103677,87,0,1
103678,259,0,1
103679,232,0,1
103681,218,0,1
103683,119,0,1
103684,193,0,1
103686,87,0,1
103688,87,0,1
103689,117,0,1
103690,132,0,1
103692,72,0,1
103694,123,0,1
103695,111,0,1
103696,87,0,1
103697,87,0,1
103698,192,0,1
103700,117,0,1
103703,124,0,1
103704,196,0,1
103705,87,0,1
103706,178,0,1
103707,126,0,1
103708,199,0,1
103709,33,0,1
103712,257,0,1
103714,87,0,1
103720,43,0,1
103722,87,0,1
103723,87,0,1
103724,89,0,1
103725,87,0,1
103727,257,0,1
103729,87,0,1
103730,74,0,1
103733,87,0,1
103735,87,0,1
103736,141,0,1
103737,200,0,1
103738,87,0,1
103739,87,0,1
103740,89,0,1
103742,87,0,1
103743,169,0,1
103744,77,0,1
103746,87,0,1
103747,261,0,1
103748,99,0,1
103752,272,0,1
103753,89,0,1
103754,53,0,1
103755,169,0,1
103756,242,0,1
103758,242,0,1
103759,87,0,1
103760,99,0,1
103761,89,0,1
103762,99,0,1
103763,146,0,1
103764,33,0,1
103765,87,0,1
103766,87,0,1
103769,95,0,1
103770,33,0,1
103771,112,0,1
103774,268,0,1
103775,87,0,1
103776,229,0,1
103777,33,0,1
103778,206,0,1
103779,78,0,1
103780,190,0,1
103781,87,0,1
103782,208,0,1
103783,87,0,1
103784,42,0,1
103785,168,0,1
103786,117,0,1
103787,197,0,1
103788,33,0,1
103789,254,0,1
103790,87,0,1
103791,104,0,1
103792,130,0,1
103793,169,0,1
103794,33,0,1
103795,117,0,1
103798,229,0,1
103799,194,0,1
103800,44,0,1
103801,201,0,1
103803,112,0,1
103804,111,0,1
103805,48,0,1
103807,236,0,1
103809,34,0,1
103811,192,0,1
103812,241,0,1
103815,87,0,1
103816,201,0,1
103818,184,0,1
103819,41,0,1
103821,89,0,1
103822,201,0,1
103823,87,0,1
103824,230,0,1
103825,220,0,1
103826,87,0,1
103828,33,0,1
103829,118,0,1
103830,89,0,1
103831,99,0,1
103832,48,0,1
103833,106,0,1
103834,121,0,1
103835,123,0,1
103836,44,0,1
103838,62,0,1
103840,79,0,1
103841,87,0,1
103843,87,0,1
103844,132,0,1
103845,87,0,1
103846,37,0,1
103847,202,0,1
103849,58,0,1
103851,178,0,1
103852,87,0,1
103856,48,0,1
103858,66,0,1
103859,250,0,1
103860,63,0,1
103861,87,0,1
103864,87,0,1
103867,87,0,1
103868,87,0,1
103869,152,0,1
103871,87,0,1
103872,87,0,1
103873,154,0,1
103877,191,0,1
103878,87,0,1
103879,87,0,1
103880,33,0,1
103881,99,0,1
103882,228,0,1
103883,87,0,1
103885,87,0,1
103886,214,0,1
103887,176,0,1
103888,111,0,1
103889,60,0,1
103890,125,0,1
103891,166,0,1
103893,241,0,1
103895,138,0,1
103897,42,0,1
103898,242,0,1
103900,53,0,1
103901,102,0,1
103903,422,0,1
103904,44,0,1
103905,31,0,1
103907,247,0,1
103908,134,0,1
103909,30,0,1
103910,151,6,1
103911,99,0,1
103912,32,0,1
103914,117,0,1
103915,251,0,1
103918,89,0,1
103919,214,0,1
103925,89,0,1
103926,210,0,1
103928,127,0,1
103929,89,0,1
103932,159,0,1
103933,149,0,1
103934,33,0,1
103935,239,0,1
103936,239,0,1
103939,87,0,1
103940,243,0,1
103941,155,0,1
103942,49,0,1
103943,94,0,1
103944,217,0,1
103946,204,0,1
103947,123,0,1
103949,99,0,1
103950,111,0,1
103951,94,0,1
103953,94,0,1
103954,131,0,1
103956,78,0,1
103957,129,0,1
103958,40,0,1
103959,94,0,1
103960,49,0,1
103961,36,0,1
103963,130,0,1
103966,49,0,1
103968,38,0,1
103969,214,0,1
103971,54,0,1
103972,133,0,1
103973,243,0,1
103974,144,0,1
103976,40,0,1
103977,76,0,1
103978,49,0,1
103979,184,0,1
103980,149,0,1
103981,47,0,1
103982,36,0,1
103984,78,0,1
103985,36,0,1
103988,51,0,1
103989,111,0,1
103993,49,0,1
103994,94,0,1
103996,64,0,1
103997,94,0,1
103998,94,0,1
103999,144,0,1
104000,144,0,1
104001,195,0,1
104002,144,0,1
104004,144,0,1
104005,255,0,1
104006,259,0,1
104008,48,0,1
104009,144,0,1
104010,144,0,1
104012,170,0,1
104014,194,0,1
104015,144,0,1
104016,156,0,1
104018,218,0,1
104019,49,0,1
104021,40,0,1
104025,42,0,1
104027,114,0,1
104028,145,0,1
104029,144,0,1
104030,260,0,1
104031,253,6,1
104032,51,0,1
104033,32,0,1
104035,123,0,1
104036,229,0,1
104037,188,6,1
104038,217,0,1
104039,35,0,1
104040,241,0,1
104043,144,0,1
104044,135,0,1
104045,153,0,1
104046,40,0,1
104048,168,0,1
104049,277,0,1
104050,149,0,1
104052,160,0,1
104053,168,0,1
104054,144,0,1
104055,66,0,1
104056,258,0,1
104057,40,0,1
104058,168,0,1
104059,144,0,1
104060,144,0,1
104061,49,0,1
104062,49,0,1
104063,49,0,1
104064,251,0,1
104065,144,0,1
104066,144,0,1
104067,90,0,1
104071,144,0,1
104072,139,0,1
104073,133,6,1
104074,245,6,1
104078,137,6,1
104079,144,0,1
104080,170,6,1
104081,141,0,1
104082,148,0,1
104083,89,0,1
104084,89,0,1
104085,89,0,1
104087,121,0,1
104090,89,0,1
104091,109,0,1
104092,182,0,1
104095,55,0,1
104097,123,0,2
104100,119,0,1
104101,89,0,1
104103,89,0,1
104104,166,0,1
104106,145,0,1
104108,89,0,1
104111,231,0,1
104112,125,0,1
104113,89,0,1
104114,89,0,1
104116,132,0,1
104119,89,0,1
104121,89,0,1
104124,113,0,1
104127,123,0,1
104128,89,0,1
104129,46,0,1
104130,233,0,1
104131,63,0,1
104132,89,0,1
104133,182,0,1
104134,30,0,1
104135,156,0,1
104137,165,0,1
104139,89,0,1
104141,89,0,1
104142,89,0,1
104143,44,0,1
104144,46,0,1
104145,79,0,1
104146,232,0,1
104147,34,0,1
104149,89,0,1
104150,39,0,1
104151,89,0,1
104153,30,0,1
104154,46,0,1
104155,44,0,1
104156,30,0,1
104158,41,0,1
104159,173,0,1
104160,44,0,1
104162,149,0,1
104163,34,0,1
104164,34,0,1
104165,32,0,1
104166,149,0,1
104167,173,0,1
104168,185,0,1
104169,176,0,1
104171,49,0,1
104173,34,0,1
104175,89,0,1
104176,205,0,1
104177,89,0,1
104178,236,0,1
104179,89,0,1
104180,89,0,1
104181,183,0,1
104183,163,0,1
104184,32,0,1
104185,109,0,1
104187,46,0,1
104188,149,0,1
104189,139,0,1
104190,210,0,1
104191,227,0,1
104192,134,0,1
104193,158,0,1
104196,142,0,1
104197,262,0,1
104198,44,0,1
104199,60,0,1
104201,170,0,1
104203,186,0,1
104204,124,0,1
104205,144,0,1
104207,144,0,1
104208,49,0,1
104209,144,0,1
104211,50,0,1
104213,165,0,1
104214,49,0,1
104216,141,0,1
104217,166,0,1
104218,44,0,1
104219,177,0,1
104220,68,0,1
104222,168,0,1
104223,124,0,1
104224,42,0,1
104225,32,0,1
104226,216,0,1
104227,181,0,1
104228,202,0,1
104229,136,6,1
104230,201,0,1
104233,145,6,1
104237,190,6,1
104238,49,0,1
104239,205,0,1
104241,260,6,1
104242,32,0,1
104245,270,0,1
104246,144,0,1
104248,233,0,1
104250,264,6,1
104251,114,0,1
104252,252,6,1
104254,138,0,1
104255,49,0,1
104256,124,0,1
104257,48,0,1
104258,70,0,1
104260,49,0,1
104261,49,0,1
104262,148,0,1
104263,49,0,1
104264,193,6,1
104268,422,0,1
104269,427,0,1
104270,427,0,1
104272,155,0,1
104273,155,0,1
104274,155,0,1
104275,160,0,1
104276,95,0,1
104279,186,0,1
104280,134,0,1
104281,49,0,1
104284,223,0,1
104285,149,0,1
104286,129,0,1
104287,217,0,1
104288,44,0,1
104289,133,0,1
104290,186,6,1
104291,44,0,1
104293,119,6,1
104294,123,6,1
104295,47,0,1
104297,71,0,1
104298,265,0,1
104299,124,0,1
104301,192,0,1
104306,245,0,1
104307,30,0,1
104308,217,6,1
104309,217,0,1
104310,261,0,1
104312,131,6,1
104313,60,0,1
104314,194,0,1
104316,42,0,1
104318,248,0,1
104320,49,0,1
104321,251,0,1
104322,164,0,1
104323,111,0,1
104324,47,0,1
104325,42,0,1
104326,228,0,1
104327,49,0,1
104330,236,0,1
104332,144,0,1
104333,258,6,1
104334,226,0,1
104336,61,0,1
104339,171,0,1
104340,149,0,1
104341,149,0,1
104342,144,0,1
104343,58,0,1
104344,144,0,1
104346,134,0,1
104349,189,0,1
104350,44,0,1
104352,166,0,1
104353,204,0,1
104354,144,0,1
104355,49,0,1
104356,73,0,1
104358,49,0,1
104359,151,0,1
104360,186,0,1
104361,54,0,1
104362,240,6,1
104363,177,0,1
104364,259,0,1
104365,144,0,1
104367,218,0,1
104368,195,0,1
104371,40,0,1
104373,148,6,1
104376,129,0,1
104378,34,0,1
104380,228,6,1
104381,161,0,1
104382,120,0,1
104383,160,0,1
104384,152,0,1
104385,244,6,1
104386,32,0,1
104387,119,6,1
104388,94,0,1
104390,94,0,1
104391,94,0,1
104392,99,0,1
104393,94,0,1
104394,33,0,1
104397,94,0,1
104398,123,0,1
104399,94,0,1
104401,34,0,1
104402,213,0,1
104403,34,0,1
104404,94,0,1
104405,33,0,1
104407,94,0,1
104408,126,0,1
104411,124,0,1
104412,31,0,1
104413,30,0,1
104414,123,0,1
104416,34,0,1
104417,94,0,1
104418,34,0,1
104419,118,0,1
104420,67,0,1
104421,123,0,1
104422,129,0,1
104425,234,0,1
104427,99,0,1
104429,96,0,1
104430,65,0,1
104431,30,0,1
104432,134,0,1
104433,34,0,1
104434,110,0,1
104435,94,0,1
104436,32,0,1
104437,94,0,1
104438,51,0,1
104439,34,0,1
104440,238,0,1
104441,94,0,1
104442,125,0,1
104444,51,0,1
104445,161,6,1
104446,34,0,1
104449,94,0,1
104450,94,0,1
104451,44,0,1
104452,99,0,1
104453,51,0,1
104454,34,0,1
104455,86,0,1
104456,32,0,1
104457,34,0,1
104458,94,0,1
104459,89,0,1
104460,51,0,1
104463,79,0,1
104464,30,0,1
104466,30,0,1
104467,74,0,1
104468,142,6,1
104469,241,6,1
104470,34,0,1
104471,262,0,1
104473,94,0,1
104475,34,0,1
104476,140,0,1
104477,173,0,1
104478,34,0,1
104479,94,0,1
104480,182,6,1
104481,99,0,1
104482,34,0,1
104483,94,0,1
104484,94,0,1
104485,34,0,1
104486,121,0,1
104487,114,0,1
104490,94,0,1
104491,125,0,1
104494,136,0,1
104496,94,0,1
104497,112,6,1
104498,124,0,1
104500,99,0,1
104501,34,0,1
104502,33,0,1
104503,94,0,1
104506,34,0,1
104508,34,0,1
104510,34,0,1
104511,34,0,1
104512,94,0,1
104514,252,6,1
104516,94,0,1
104517,228,0,1
104518,34,0,1
104519,34,0,1
104520,192,6,1
104523,89,0,1
104524,44,0,1
104525,32,0,1
104526,94,0,1
104528,94,0,1
104530,30,0,1
104531,248,0,1
104532,94,0,1
104533,85,0,1
104534,94,0,1
104535,133,0,1
104536,142,0,1
104537,94,0,1
104538,94,0,1
104540,89,0,1
104541,99,0,1
104543,124,0,1
104544,268,0,1
104545,158,6,1
104546,164,0,1
104547,99,0,1
104548,116,0,1
104549,34,0,1
104550,94,0,1
104551,124,0,1
104552,34,0,1
104553,94,0,1
104554,34,0,1
104555,99,0,1
104556,89,0,1
104557,107,0,1
104558,99,0,1
104560,34,0,1
104562,94,0,1
104563,30,0,1
104564,89,0,1
104565,89,0,1
104568,34,0,1
104569,44,0,1
104572,152,0,1
104573,94,0,1
104574,170,0,1
104575,34,0,1
104576,34,0,1
104577,94,0,1
104580,153,0,1
104582,30,0,1
104583,99,0,1
104585,118,6,1
104587,34,0,1
104588,38,0,1
104589,276,0,1
104590,250,6,1
104592,94,0,1
104593,79,0,1
104594,34,0,1
104595,94,0,1
104596,46,0,1
104597,94,0,1
104598,94,0,1
104599,50,0,1
104600,195,0,1
104601,85,0,1
104602,94,0,1
104603,111,0,1
104604,74,0,1
104605,34,0,1
104606,147,6,1
104608,41,0,1
104610,73,0,1
104611,202,0,1
104614,123,0,1
104615,143,0,1
104616,144,0,1
104618,256,0,1
104619,149,0,1
104620,236,0,1
104622,39,0,1
104623,46,0,1
104624,189,0,1
104625,40,0,1
104626,144,0,1
104627,143,0,1
104628,288,0,1
104634,264,0,1
104635,144,0,1
104636,144,0,1
104638,62,0,1
104639,49,0,1
104640,176,0,1
104642,191,0,1
104643,144,0,1
104644,165,0,1
104650,149,0,1
104651,49,0,1
104652,200,0,1
104653,134,0,1
104654,73,0,1
104662,202,0,1
104665,144,0,1
104666,73,0,1
104667,71,0,1
104668,144,0,1
104670,134,0,1
104671,74,0,1
104672,144,0,1
104675,98,0,1
104677,89,0,1
104678,213,6,1
104679,49,0,1
104680,153,0,1
104682,145,0,1
104683,49,0,1
104684,244,0,1
104685,141,0,1
104686,89,0,1
104687,49,0,1
104689,170,0,1
104690,244,0,1
104691,254,0,1
104692,235,0,1
104693,144,0,1
104694,38,0,1
104695,157,0,1
104696,251,0,1
104697,49,0,1
104698,266,0,1
104699,144,0,1
104700,42,0,1
104701,84,0,1
104702,269,0,1
104704,58,0,1
104705,189,0,1
104708,126,0,1
104710,250,0,1
104711,40,0,1
104713,43,0,1
104714,191,0,1
104715,223,6,1
104716,137,6,1
104718,48,0,1
104721,274,0,1
104722,144,0,1
104723,49,0,1
104726,144,0,1
104728,175,0,1
104729,32,0,1
104730,216,0,1
104733,253,0,1
104734,161,0,1
104736,47,0,1
104739,94,0,1
104740,122,0,1
104747,30,0,1
104749,116,0,1
104750,119,0,1
104751,112,0,1
104752,34,0,1
104753,34,0,1
104754,136,0,1
104755,177,0,1
104756,137,0,1
104757,47,0,1
104758,185,0,1
104759,112,0,1
104760,32,0,1
104761,202,0,1
104762,94,0,1
104765,30,0,1
104766,47,0,1
104768,94,0,1
104770,94,0,1
104771,86,0,1
104772,30,0,1
104773,132,0,1
104779,94,0,1
104781,242,0,1
104783,127,0,1
104785,192,0,1
104787,265,0,1
104788,62,0,1
104790,51,0,1
104791,49,0,1
104792,34,0,1
104794,66,0,1
104796,49,0,1
104797,202,0,1
104798,85,0,1
104799,34,0,1
104800,30,0,1
104802,34,0,1
104803,34,0,1
104804,34,0,1
104805,222,0,1
104807,34,0,1
104809,235,0,1
104813,30,0,1
104814,220,0,1
104815,94,0,1
104817,200,0,1
104822,30,0,1
104823,112,0,1
104825,33,0,1
104826,149,0,1
104827,34,0,1
104830,30,0,1
104832,257,0,1
104833,243,0,1
104834,428,0,1
104837,126,6,1
104838,124,0,1
104839,256,0,1
104840,144,0,1
104841,147,0,1
104842,208,0,1
104844,144,0,1
104847,52,0,1
104849,144,0,1
104852,50,0,1
104853,190,6,1
104854,139,0,1
104855,191,0,1
104856,39,0,1
104857,39,0,1
104858,213,6,1
104859,219,0,1
104861,61,0,1
104862,142,0,1
104863,240,0,1
104865,190,0,1
104866,149,0,1
104867,253,0,1
104869,131,0,1
104870,34,0,1
104871,30,0,1
104873,51,0,1
104874,30,0,1
104875,272,0,1
104876,119,0,1
104877,94,0,1
104878,34,0,1
104879,139,0,1
104880,79,0,1
104882,123,0,1
104883,94,0,1
104884,195,0,1
104886,138,0,1
104887,34,0,1
104890,30,0,1
104891,144,0,1
104892,180,0,1
104893,234,0,1
104895,97,0,1
104896,248,0,1
104898,34,0,1
104900,99,0,1
104902,34,0,1
104903,205,0,1
104905,183,0,1
104907,94,0,1
104908,30,0,1
104909,34,0,1
104911,80,0,1
104912,94,0,1
104914,94,0,1
104915,158,0,1
104916,119,0,1
104917,89,0,1
104918,34,0,1
104919,169,0,1
104920,54,0,1
104922,194,0,1
104924,94,0,1
104925,252,0,1
104928,79,0,1
104929,240,6,1
104930,34,0,1
104933,129,0,1
104934,199,0,1
104936,139,0,1
104937,34,0,1
104939,110,0,1
104940,167,0,1
104941,33,0,1
104942,94,0,1
104943,210,0,1
104944,34,0,1
104945,250,0,1
104946,30,0,1
104948,210,0,1
104950,44,0,1
104951,49,0,1
104952,143,6,1
104953,183,0,1
104954,120,0,1
104955,49,0,1
104956,124,0,1
104957,144,0,1
104959,49,0,1
104962,185,0,1
104963,144,0,1
104964,132,0,1
104966,228,0,1
104967,45,0,1
104968,248,0,1
104969,40,0,1
104970,170,0,1
104972,232,0,1
104973,153,6,1
104974,45,0,1
104976,225,0,1
104977,249,0,1
104978,225,6,1
104979,139,6,1
104980,149,0,1
104981,40,0,1
104982,143,0,1
104983,197,6,1
104984,172,0,1
104986,201,0,1
104989,183,0,1
104991,144,0,1
104992,273,0,1
104994,84,0,1
104995,59,0,1
104996,79,0,1
104997,89,0,1
104998,66,0,1
104999,65,0,1
105002,65,0,1
105004,75,0,1
105006,84,0,1
105008,77,0,1
105009,79,0,1
105010,89,0,1
105011,79,0,1
105012,63,0,1
105013,72,0,1
105014,79,0,1
105015,82,0,1
105016,66,0,1
105017,79,0,1
105018,73,0,1
105024,231,0,2
105026,79,0,1
105027,72,0,1
105028,65,0,1
105029,82,0,1
105030,141,0,1
105032,181,0,1
105033,74,0,1
105036,82,0,1
105037,66,0,1
105038,211,0,1
105039,175,0,1
105040,42,0,1
105041,74,0,1
105043,166,0,1
105044,116,0,1
105045,79,0,1
105046,82,0,1
105047,32,0,1
105048,79,0,1
105050,212,0,1
105053,72,0,1
105054,87,0,1
105055,79,0,1
105057,56,0,1
105058,36,0,1
105061,115,0,1
105062,52,0,1
105063,72,0,1
105064,82,0,1
105065,262,0,1
105069,221,0,1
105070,79,0,1
105071,69,0,1
105072,177,0,1
105073,84,0,1
105075,82,0,1
105076,45,0,1
105077,82,0,1
105078,87,0,1
105080,147,0,1
105082,79,0,1
105083,74,0,1
105084,84,0,1
105085,93,0,1
105086,79,0,1
105087,89,0,1
105089,108,0,1
105091,31,0,1
105092,38,0,1
105093,79,0,1
105094,89,0,1
105095,79,0,1
105098,31,0,1
105099,186,0,1
105101,72,0,1
105102,72,0,1
105104,37,0,1
105107,82,0,1
105109,79,0,1
105110,34,0,1
105111,34,0,1
105113,75,0,1
105114,211,0,1
105115,79,0,1
105116,84,0,1
105117,84,0,1
105118,72,0,1
105120,84,0,1
105121,37,0,1
105122,117,0,1
105123,65,0,1
105124,34,0,1
105126,104,0,1
105128,30,0,1
105129,74,0,1
105130,87,0,1
105132,81,0,1
105133,56,0,1
105134,247,0,1
105135,79,0,1
105136,82,0,1
105138,82,0,1
105139,79,0,1
105142,259,0,1
105143,87,0,1
105145,33,0,1
105146,64,0,1
105149,246,0,1
105150,89,0,1
105153,251,0,1
105154,84,0,1
105155,178,0,1
105157,32,0,1
105158,82,0,1
105159,233,0,1
105160,149,0,1
105163,50,0,1
105164,42,0,1
105165,128,0,1
105166,91,0,1
105167,82,0,1
105168,53,0,1
105169,181,0,1
105170,63,0,1
105171,210,0,1
105173,177,0,1
105174,70,0,1
105175,134,0,1
105176,198,0,1
105177,132,0,1
105180,143,0,1
105181,63,0,1
105182,73,0,1
105184,30,0,1
105185,196,0,1
105186,107,6,1
105187,63,0,1
105188,154,0,1
105191,149,0,1
105192,144,0,1
105193,42,0,1
105194,87,0,1
105195,40,0,1
105196,187,0,1
105197,70,0,1
105198,30,0,1
105200,30,0,1
105202,172,0,1
105203,31,0,1
105204,34,0,1
105205,38,0,1
105206,167,0,1
105208,87,0,1
105209,87,0,1
105210,63,0,1
105212,82,0,1
105213,82,0,1
105214,46,0,1
105215,64,0,1
105216,225,0,1
105217,205,0,1
105218,220,0,1
105219,130,0,1
105220,105,0,1
105222,56,0,1
105224,149,0,1
105225,156,0,1
105227,124,0,1
105228,114,0,1
105229,124,0,1
105230,82,0,1
105232,154,0,1
105233,48,0,1
105234,192,0,1
105235,178,0,1
105237,87,0,1
105238,74,0,1
105239,49,0,1
105240,188,6,1
105242,142,0,1
105243,233,0,1
105244,204,0,1
105245,217,0,1
105246,65,0,1
105247,167,0,1
105248,33,0,1
105249,32,0,1
105251,191,0,1
105253,30,0,1
105254,195,0,1
105255,89,0,1
105258,171,0,1
105259,241,0,1
105260,254,0,1
105261,128,0,1
105264,31,0,1
105265,34,0,1
105267,63,0,1
105268,157,0,1
105269,31,0,1
105270,72,0,1
105272,277,0,1
105273,84,0,1
105274,74,0,1
105275,168,0,1
105277,49,0,1
105278,133,0,1
105279,144,0,1
105283,63,0,1
105286,74,0,1
105289,195,0,1
105290,239,0,1
105291,87,0,1
105292,63,0,1
105293,141,0,1
105294,89,0,1
105295,49,0,1
105296,180,6,1
105297,198,0,1
105298,82,0,1
105299,31,0,1
105300,149,0,1
105301,32,0,1
105303,173,0,1
105306,89,0,1
105308,125,0,1
105309,57,0,1
105310,47,0,1
105311,72,0,1
105315,42,0,1
105317,30,0,1
105319,44,0,1
105323,228,0,1
105325,125,6,1
105326,49,0,1
105327,40,0,1
105329,108,0,1
105330,156,0,1
105332,74,0,1
105333,226,0,1
105334,128,0,1
105335,198,0,1
105336,183,0,1
105337,146,0,1
105338,151,0,1
105339,40,0,1
105340,74,0,1
105341,84,0,1
105342,34,0,1
105343,200,0,1
105346,144,0,1
105347,79,0,1
105348,34,0,1
105352,124,0,1
105353,148,0,1
105354,192,0,1
105356,51,0,1
105357,123,0,1
105359,50,0,1
105360,32,0,1
105361,42,0,1
105362,164,0,1
105365,44,0,1
105366,188,0,1
105367,124,0,1
105368,44,0,1
105369,234,0,1
105370,54,0,1
105371,80,0,1
105372,44,0,1
105373,198,0,1
105374,79,0,1
105375,32,0,1
105376,124,0,1
105377,260,0,1
105378,124,0,1
105379,273,0,1
105381,274,0,1
105383,96,0,1
105384,238,0,1
105385,44,0,1
105386,78,0,1
105387,177,0,1
105388,225,0,1
105389,124,0,1
105391,124,0,1
105392,32,0,1
105393,196,0,1
105394,124,0,1
105395,244,0,1
105397,79,0,1
105398,56,0,1
105399,260,0,1
105400,149,0,1
105401,60,0,1
105402,53,0,1
105404,124,0,1
105405,72,0,1
105407,63,0,1
105409,176,0,1
105410,82,0,1
105412,64,0,1
105414,207,6,1
105415,38,0,1
105416,65,0,1
105417,36,0,1
105418,124,0,1
105420,89,0,1
105422,267,0,1
105423,110,0,1
105425,181,0,1
105427,44,0,1
105428,40,0,1
105429,89,0,1
105430,95,0,1
105431,63,0,1
105433,49,0,1
105437,127,0,1
105438,124,0,1
105439,44,0,1
105440,45,0,1
105441,83,0,1
105442,159,6,1
105443,169,6,1
105444,153,0,1
105445,124,0,1
105447,124,0,1
105450,163,0,1
105451,39,0,1
105452,34,0,1
105454,257,0,1
105455,48,0,1
105456,269,0,1
105457,95,0,1
105458,112,0,1
105460,225,0,1
105461,46,0,1
105462,89,0,1
105468,141,0,1
105469,58,0,1
105471,44,0,1
105474,62,0,1
105475,130,0,1
105476,197,0,1
105477,88,0,1
105479,273,0,1
105481,90,0,1
105483,79,0,1
105484,82,0,1
105485,32,0,1
105486,59,0,1
105488,87,0,1
105490,111,0,1
105492,151,0,1
105494,243,0,1
105495,30,0,1
105496,230,6,1
105498,79,0,1
105499,30,0,1
105502,79,0,1
105503,195,0,1
105504,44,0,1
105505,122,0,1
105507,176,0,1
105511,276,0,1
105512,201,0,1
105514,43,0,1
105517,46,0,1
105518,198,0,1
105519,83,0,1
105520,34,0,1
105522,188,0,1
105523,124,0,1
105524,31,0,1
105525,63,0,1
105526,194,0,1
105527,31,0,1
105528,44,0,1
105529,40,0,1
105532,243,0,1
105533,38,0,1
105535,49,0,1
105536,155,6,1
105540,109,0,1
105542,84,0,1
105543,63,0,1
105544,79,0,1
105546,162,0,1
105547,247,0,1
105548,204,0,1
105550,37,0,1
105552,137,0,1
105553,84,0,1
105554,32,0,1
105555,263,0,1
105556,31,0,1
105557,240,0,1
105558,41,0,1
105560,34,0,1
105562,257,0,1
105563,37,0,1
105564,118,0,1
105565,44,0,1
105566,157,0,1
105567,68,0,1
105568,64,0,1
105571,49,0,1
105574,146,0,1
105575,245,0,1
105576,40,0,1
105579,82,0,1
105581,234,0,1
105587,99,0,1
105589,84,0,1
105590,72,0,1
105591,32,0,1
105593,244,0,1
105594,79,0,1
105598,175,0,1
105599,237,0,1
105600,173,0,1
105602,64,0,1
105603,265,6,1
105605,31,0,1
105607,126,0,1
105608,64,0,1
105609,164,0,1
105610,31,0,1
105611,255,0,1
105614,49,0,1
105616,233,0,1
105617,44,0,1
105618,73,0,1
105619,148,0,1
105621,124,0,1
105624,229,0,1
105625,270,0,1
105626,49,0,1
105627,174,0,1
105628,133,0,1
105629,38,0,1
105631,45,0,1
105632,46,0,1
105633,190,0,1
105634,75,0,1
105636,51,0,1
105637,149,0,1
105638,72,0,1
105639,149,0,1
105642,45,0,1
105645,72,0,1
105647,73,0,1
105648,65,0,1
105649,225,0,1
105650,79,0,1
105651,211,0,1
105653,207,0,1
105654,163,0,1
105655,237,0,1
105656,63,0,1
105658,54,0,1
105659,144,0,1
105661,180,6,1
105662,136,0,1
105663,79,0,1
105664,144,0,1
105665,256,0,1
105666,39,0,1
105667,144,0,1
105669,54,0,1
105670,39,0,1
105671,58,0,1
105672,35,0,1
105673,82,0,1
105674,157,0,1
105675,114,0,1
105676,193,6,1
105678,67,0,1
105679,204,0,1
105680,257,0,1
105681,218,6,1
105682,195,0,1
105684,71,0,1
105685,158,0,1
105686,72,0,1
105687,234,0,1
105688,79,0,1
105689,34,0,1
105690,49,0,1
105691,137,0,1
105692,144,0,1
105693,212,0,1
105695,74,0,1
105697,72,0,1
105698,46,0,1
105702,65,0,1
105703,149,0,1
105704,41,0,1
105705,253,0,1
105707,71,0,1
105708,68,6,1
105709,130,0,1
105710,177,0,1
105711,34,0,1
105712,49,0,1
105713,144,0,1
105714,115,6,1
105715,62,0,1
105717,73,0,1
105718,173,0,1
105719,219,0,1
105722,113,0,1
105723,188,0,1
105724,244,0,1
105725,74,0,1
105726,64,0,1
105728,135,0,1
105730,37,6,1
105732,80,0,1
105734,206,0,1
105737,43,6,1
105738,237,0,1
105739,139,0,1
105740,142,6,1
105743,49,0,1
105744,163,0,1
105746,89,0,1
105747,65,0,1
105751,170,0,1
105753,266,0,1
105754,42,0,1
105755,140,0,1
105756,82,0,1
105758,171,6,1
105759,87,0,1
105760,40,0,1
105762,49,0,1
105763,72,0,1
105765,87,0,1
105766,243,0,1
105767,112,0,1
105768,144,0,1
105769,207,0,1
105770,82,0,1
